origin_id,destination_id,shortest_distance
"1","3",18485.5800358091
"2","3",20992.1424861433
"3","3",21513.2421803034
"4","3",21992.349039903
"5","3",22164.2971067232
"6","3",22528.3261546572
"7","3",17298.7825046386
"8","3",17585.1824368178
"9","3",17867.7002467773
"10","3",18253.6662120348
"11","3",18751.6939648455
"12","3",19811.1708912425
"13","3",20830.575311897
"14","3",21331.4983999208
"15","3",21668.2717397783
"16","3",22094.2524303603
"17","3",23361.0960448288
"18","3",16936.0570535095
"19","3",16885.8374597964
"20","3",23545.1756420448
"21","3",23168.1180344565
"22","3",22661.3889973266
"23","3",22161.6012309681
"24","3",21597.9275729326
"25","3",21104.6640421632
"26","3",20601.5257732546
"27","3",23516.3987659862
"28","3",21400.4522204413
"29","3",22545.5386498551
"30","3",22902.4009214202
"31","3",23360.1078882025
"32","3",14892.0495707897
"33","3",17021.89801266
"34","3",16356.2414940645
"35","3",16625.7582311906
"36","3",17070.9575680709
"37","3",17549.4322093448
"38","3",21787.6977109488
"39","3",22647.8700897432
"40","3",22154.0497906063
"41","3",23541.4861912625
"42","3",13603.1677894084
"43","3",13901.3686232466
"44","3",14688.9282739205
"45","3",15014.1643977593
"46","3",14802.6273122688
"47","3",17195.8431898531
"48","3",16820.1947583811
"49","3",16560.7637659611
"50","1",20994.8127821262
"51","3",17680.4868409576
"52","3",22335.9823754574
"53","3",21970.6833954656
"54","3",22809.6392905329
"55","3",23373.8929057607
"56","3",13018.1122589697
"57","3",12606.8061585312
"58","3",13529.639332393
"59","3",13216.1513501736
"60","3",13507.7112615559
"61","3",15046.1126388869
"62","3",15199.5887560381
"63","3",15557.6385167037
"64","3",15998.3808145051
"65","3",16813.0264446443
"66","3",16898.4970227119
"67","3",17341.9481567862
"68","3",17780.8211429644
"69","3",22653.717279308
"70","3",23300.9865714718
"71","3",23002.1391311833
"72","3",23791.0821743298
"73","1",28225.1311904949
"74","3",11946.0041865481
"75","3",11760.4686362378
"76","3",13355.9607085226
"77","1",17790.0097246877
"78","3",13123.0545732781
"79","3",14566.8857602802
"80","3",14227.4668811314
"81","3",14037.3525569276
"82","3",15182.2780494047
"83","3",17960.3550011098
"84","3",17500.7136700873
"85","3",17049.37445311
"86","3",16606.932347973
"87","3",18243.8137819115
"88","3",17876.7109431384
"89","3",19085.1179352118
"90","3",22837.3203893349
"91","3",23674.9377058719
"92","3",23874.8552600806
"93","3",24243.2063781714
"94","3",11146.5730643195
"95","1",15580.6220804845
"96","3",12117.7396210646
"97","3",11418.3008370666
"98","3",11231.2252615874
"99","3",14275.5384295364
"100","3",11289.7982916615
"101","3",11306.8979696772
"102","3",12560.5147416501
"103","3",14885.1994408412
"104","3",14661.4730795619
"105","3",14428.1811124016
"106","3",15269.7194923762
"107","3",15474.2124561186
"108","3",15933.8627876297
"109","3",16398.7557269235
"110","3",17251.6730123607
"111","3",18704.6733981133
"112","3",18345.8731376236
"113","3",19462.0515403714
"114","3",24141.9576026789
"115","3",23850.2288965109
"116","3",24365.6836932485
"117","3",24712.7576843658
"118","3",11368.7640666726
"119","3",10632.155003206
"120","3",12410.625085347
"121","3",12289.9792074044
"122","3",11138.468750473
"123","3",14945.5258639036
"124","3",11576.3648838297
"125","3",10877.2325550725
"126","3",13466.1657300351
"127","3",14774.2978845246
"128","3",15726.4504065689
"129","3",18520.9233432061
"130","3",18074.0974677531
"131","3",17592.066521813
"132","1",22026.1155379781
"133","1",22026.1155379781
"134","3",18091.3035662957
"135","3",19471.129640288
"136","3",19887.4524521989
"137","3",24540.8074426012
"138","3",24583.4999416665
"139","3",24859.7930782218
"140","3",12197.8592005698
"141","3",11868.3137168131
"142","3",10956.9747887506
"143","3",10268.3431819488
"144","3",11508.8416571651
"145","3",10998.8200423011
"146","3",10266.2236492517
"147","3",15416.5007206625
"148","3",12183.6340601735
"149","3",10505.022166008
"150","3",15341.8184040896
"151","1",19775.8674202547
"152","3",15963.5839077271
"153","3",18752.3251279517
"154","3",18298.1205612618
"155","48",18139.6222447198
"156","3",24995.1320070803
"157","3",24707.5481542019
"158","3",25083.4174448318
"159","3",25355.6949089929
"160","3",13058.5240344665
"161","3",12671.6475875956
"162","3",12372.8181482353
"163","3",11281.1382293023
"164","3",10582.7018234653
"165","3",9878.36001245159
"166","3",9733.91018601549
"167","3",10601.1904140606
"168","3",9896.84322073655
"169","3",9599.60253143472
"170","3",9505.34685684763
"171","3",16206.9599586199
"172","3",18981.1558868632
"173","48",20491.5157297764
"174","48",21296.0071822728
"175","3",25583.357860329
"176","3",13922.5968524185
"177","3",13517.2452596404
"178","3",13160.064828658
"179","3",12872.2597062698
"180","3",11636.9005158332
"181","3",10910.6430274082
"182","3",10208.9910156668
"183","3",9501.25866696787
"184","3",8802.31505785461
"185","3",10307.821898325
"186","3",8886.92891397053
"187","3",8939.56266669149
"188","48",21160.400647216
"189","3",14376.8227844576
"190","3",13992.0628840006
"191","3",13653.1602460048
"192","3",13371.9570919674
"193","3",12092.8350047115
"194","3",11246.2400855376
"195","3",10537.5949488415
"196","3",9856.66768566996
"197","3",9139.14613780539
"198","3",8453.1494428251
"199","3",9201.37124186655
"200","3",8433.76135905941
"201","3",9340.09364709196
"202","3",13295.8645060267
"203","3",10289.6344736023
"204","48",17152.7585308418
"205","48",20690.1328992589
"206","1",25398.54694902
"207","3",9193.24769622364
"208","3",8818.2500813825
"209","3",8460.03665041251
"210","3",8205.65990566435
"211","3",7984.71119633331
"212","3",7850.82644951308
"213","3",10867.3507100472
"214","3",10203.9540908315
"215","3",9508.07717453213
"216","3",8773.67909926819
"217","3",8067.11247913752
"218","3",9529.96895513536
"219","3",8342.45121162839
"220","3",8446.50582337633
"221","3",8675.36744227153
"222","3",9256.40232957153
"223","3",9964.43787542181
"224","3",10621.8924862095
"225","48",16778.5090123555
"226","48",16878.1994047633
"227","48",16541.3519379183
"228","48",16425.1749130636
"229","1",21133.5889628247
"230","1",21133.5889628247
"231","1",21133.5889628247
"232","3",8716.95668967307
"233","3",8332.95357811825
"234","3",7973.78865954177
"235","3",7707.69382281369
"236","3",7488.04282598551
"237","3",7415.58436381821
"238","3",7440.41799984021
"239","3",9899.38815812967
"240","3",9103.1066904368
"241","3",8396.54003293418
"242","3",7678.93872617456
"243","3",7487.78504804552
"244","3",7719.80126301339
"245","3",8093.71092801807
"246","3",8784.61205145952
"247","3",9688.89884390121
"248","3",10325.8760723283
"249","3",11050.22505385
"250","48",16229.790591488
"251","48",16126.3115459596
"252","48",16403.1360900134
"253","48",16648.7276986264
"254","48",15820.8724671999
"255","48",16341.708310179
"256","1",21050.1223599401
"257","1",21050.1223599401
"258","1",21050.1223599401
"259","1",21050.1223599401
"260","1",21050.1223599401
"261","1",21050.1223599401
"262","1",21050.1223599401
"263","3",8272.3021060577
"264","3",7864.4371516684
"265","3",7495.38059144631
"266","3",7193.86602073443
"267","3",6994.26110582351
"268","3",6974.33733407999
"269","3",6909.95710237256
"270","3",6664.94266142893
"271","3",6675.59469356624
"272","3",6470.09621491643
"273","3",7504.24613492016
"274","3",7405.66611686468
"275","3",7569.51632599985
"276","3",8119.98774932643
"277","3",8208.78617438315
"278","3",10814.1575331758
"279","3",11263.0331478864
"280","3",11203.4247751279
"281","48",15681.5417638893
"282","48",15990.2648420526
"283","48",15671.951613386
"284","48",15378.0907501681
"285","48",16637.1188873216
"286","48",15973.2321372585
"287","48",16644.8660285101
"288","48",18113.2101867754
"289","1",22821.6242365365
"290","1",22821.6242365365
"291","1",22821.6242365365
"292","1",22821.6242365365
"293","1",22821.6242365365
"294","1",22821.6242365365
"295","1",22821.6242365365
"296","3",7789.37850515339
"297","3",7539.29191442152
"298","3",7394.15479786833
"299","3",7000.25025980186
"300","3",6666.83452329382
"301","3",6528.19288784886
"302","3",6582.97595703295
"303","3",6178.77025678807
"304","3",6303.02042489895
"305","3",6012.99615770888
"306","3",7323.79943184471
"307","3",6798.11959204396
"308","3",6945.45131431814
"309","3",7369.70837152597
"310","3",7863.92272446694
"311","3",11725.2774121612
"312","48",15132.4646625139
"313","48",15544.5399052901
"314","48",15053.8909014013
"315","48",15851.1643221915
"316","48",14835.7063951519
"317","48",18474.5780797084
"318","48",16105.3903939563
"319","48",16770.9880778808
"320","48",17432.0048844806
"321","48",18202.8199643602
"322","90",12522.1927250705
"323","1",16767.2062541739
"324","1",16767.2062541739
"325","1",16767.2062541739
"326","1",16767.2062541739
"327","1",16767.2062541739
"328","1",16767.2062541739
"329","1",16767.2062541739
"330","1",16767.2062541739
"331","1",16767.2062541739
"332","3",7207.97063498466
"333","3",6964.83761178246
"334","3",6811.79097864536
"335","3",6518.80766380502
"336","3",6171.61918883794
"337","3",6117.6201073743
"338","3",6132.7681895241
"339","3",5679.5101566703
"340","3",5959.78700463293
"341","3",8487.17735201067
"342","1",12921.2263681757
"343","3",7597.29048832177
"344","3",6753.59333260956
"345","3",7240.20150301378
"346","3",7602.78445440875
"347","1",12036.8334705738
"348","48",14753.3642854944
"349","48",14496.8700009252
"350","48",15771.8334940108
"351","48",14802.8221433739
"352","48",14397.7098257777
"353","48",18192.8796005236
"354","48",17526.3773608032
"355","48",16294.2339235965
"356","48",16984.6143073984
"357","48",17550.5843925129
"358","48",18739.5466356207
"359","90",12177.8576417038
"360","90",12108.9198745713
"361","90",12093.9254601123
"362","1",16338.9389892157
"363","1",16338.9389892157
"364","1",16338.9389892157
"365","1",16338.9389892157
"366","1",16338.9389892157
"367","1",16338.9389892157
"368","1",16338.9389892157
"369","1",16338.9389892157
"370","90",7111.5184628898
"371","3",6638.04032773424
"372","3",6368.07860500545
"373","3",6169.79006585441
"374","3",6016.87854607603
"375","3",5594.05518752744
"376","3",5623.87849791202
"377","3",5463.89293851016
"378","3",6137.25740148244
"379","3",5758.76549221807
"380","3",5166.25304917995
"381","3",5600.17892348481
"382","3",6076.99878386795
"383","3",6557.57379917694
"384","3",7035.63418825609
"385","1",11469.6832044212
"386","1",11469.6832044212
"387","48",14370.0964922331
"388","48",14286.5806772226
"389","48",14288.1915657891
"390","48",13740.4034894263
"391","48",14923.2465625101
"392","48",15059.4083271735
"393","48",15346.4786917553
"394","48",17397.611930676
"395","48",16718.0107150234
"396","48",19158.4471704414
"397","48",18491.15487899
"398","48",18387.8761669778
"399","48",18997.2092122903
"400","78",14257.0929606017
"401","90",11683.0996337469
"402","90",11666.4932674566
"403","90",11660.1123613738
"404","1",15905.1258904772
"405","1",15905.1258904772
"406","1",15905.1258904772
"407","1",15905.1258904772
"408","1",15905.1258904772
"409","1",15905.1258904772
"410","1",15905.1258904772
"411","1",15905.1258904772
"412","90",6734.34254981306
"413","90",6081.02986492834
"414","3",5772.36234082092
"415","3",5545.39168380582
"416","3",5460.10606247472
"417","3",5108.78773266015
"418","3",5141.14726639293
"419","3",6634.40664121223
"420","3",7036.03447513537
"421","3",4547.80046509724
"422","3",5600.10825612973
"423","3",6083.98887890636
"424","3",7329.54912819087
"425","3",6514.14393368366
"426","3",6841.35347817079
"427","48",14652.6815986421
"428","48",14407.069060414
"429","48",13430.2183410668
"430","48",13191.5263409198
"431","48",15470.9237297362
"432","48",17211.7774574014
"433","48",16514.4077597906
"434","48",17265.9634453101
"435","48",17080.4511493084
"436","48",17601.0895039969
"437","48",18630.8889986293
"438","48",18825.0006544633
"439","78",13758.8628467709
"440","90",11648.7759233022
"441","90",11246.0293544117
"442","90",11230.2504086319
"443","90",11282.5796834457
"444","1",15527.5932125491
"445","1",15527.5932125491
"446","1",15527.5932125491
"447","1",15527.5932125491
"448","1",15527.5932125491
"449","1",15527.5932125491
"450","1",15527.5932125491
"451","90",6215.72272287117
"452","90",5685.02275860838
"453","90",5657.16794418852
"454","3",5322.3583964609
"455","3",4959.68482927582
"456","3",4884.07153523224
"457","3",4875.74691998093
"458","3",7182.76649635869
"459","3",4349.19731545263
"460","3",4062.65556455202
"461","3",4593.11517515401
"462","3",4982.76220121216
"463","3",6159.87073868077
"464","3",6026.11435418969
"465","3",7150.42276851508
"466","3",7471.40172273148
"467","3",7374.35611235504
"468","48",15121.9047767281
"469","48",14862.8034317663
"470","48",13057.5713640768
"471","48",16873.8821308213
"472","48",16480.5962014877
"473","48",19773.4659337449
"474","48",19252.6389374792
"475","48",19241.9286411535
"476","78",13262.0484319064
"477","90",11747.5010234841
"478","90",11105.8620858119
"479","90",10789.5856261344
"480","90",10800.5455341864
"481","90",11022.8183157218
"482","1",15267.8318448251
"483","1",15267.8318448251
"484","1",15267.8318448251
"485","1",15267.8318448251
"486","1",15267.8318448251
"487","90",7361.53988120835
"488","1",11606.5534103117
"489","90",5807.09127482594
"490","90",5185.03529548343
"491","90",5364.27873458669
"492","3",5015.64160275575
"493","3",4430.19028596181
"494","3",3906.48053647725
"495","3",7738.99480680374
"496","3",3744.01271357918
"497","3",3404.88764180429
"498","3",3831.18995046837
"499","3",4347.00991361949
"500","3",6527.41685733855
"501","3",5591.12432945001
"502","3",5715.06700948852
"503","3",6528.74266347795
"504","3",6657.07543677539
"505","3",8541.69782217196
"506","48",15351.4094792975
"507","48",12930.0286152885
"508","48",12024.8952194889
"509","48",19750.9106628404
"510","78",12769.4505739287
"511","78",12976.4715921826
"512","90",11212.4634860366
"513","90",10562.9481672077
"514","90",10343.6652681514
"515","90",10493.8585121482
"516","90",9086.87132512143
"517","1",13331.8848542248
"518","1",13331.8848542248
"519","1",13331.8848542248
"520","90",8655.50493928581
"521","90",6659.45348690194
"522","90",7090.96747777951
"523","1",11335.9810068829
"524","90",5548.76240992613
"525","90",4050.76203437212
"526","90",3374.15331684342
"527","1",7619.1668459468
"528","90",3355.27291623898
"529","3",3152.48994255417
"530","3",3032.62713230676
"531","3",3156.88593937995
"532","3",3407.10967138037
"533","3",3739.60047454957
"534","3",4211.93933601762
"535","3",6204.94344872648
"536","3",5776.66564995824
"537","3",5577.17208649959
"538","48",12368.7363481637
"539","48",11848.2412380405
"540","48",14277.1184451286
"541","48",11826.8694103522
"542","48",12263.5877712283
"543","78",12232.4217048472
"544","78",12442.0288410541
"545","90",11349.7624111277
"546","90",10677.3877125858
"547","90",10015.21424703
"548","90",9985.94072568521
"549","90",9331.69383005594
"550","90",8614.70099931388
"551","90",8936.87057728601
"552","90",7542.63399980635
"553","90",7950.30868198314
"554","90",6238.45358970967
"555","90",5829.55878638028
"556","90",5473.04387341738
"557","90",5420.29123055224
"558","90",4643.09457871638
"559","90",3965.95277267481
"560","90",4167.71148296855
"561","90",2710.90162975892
"562","3",2452.11851133348
"563","3",2429.69695972363
"564","3",2329.50793576909
"565","3",2509.36138898289
"566","3",3408.2478806577
"567","48",3536.37639076414
"568","3",4316.7295337815
"569","3",5280.71396761738
"570","3",5937.11008941893
"571","48",10652.3607661665
"572","48",11394.8824784338
"573","48",11595.4802662452
"574","48",11188.1809236987
"575","48",11511.3524187236
"576","48",11675.9322160505
"577","48",12285.0363620148
"578","78",11852.4064774178
"579","78",11894.176652886
"580","90",11472.562490569
"581","90",10808.8256442869
"582","90",10142.3118616759
"583","90",9848.16476572729
"584","90",9099.73169118659
"585","90",8562.28584144507
"586","90",8173.59882643233
"587","90",7760.23191643269
"588","90",7341.75976370819
"589","90",6942.44954004078
"590","90",6530.9354749457
"591","90",6124.87586596916
"592","96",5311.36894447138
"593","90",6068.02426420309
"594","96",5310.9032271761
"595","90",3526.28878487834
"596","90",2601.01489233367
"597","90",2337.02189039607
"598","3",2494.1662386155
"599","3",2172.71730953389
"600","3",2148.094232069
"601","3",2534.43083966322
"602","48",2968.38724420635
"603","48",3357.21679798721
"604","3",4977.69608924064
"605","48",4538.75973110143
"606","3",6054.75931396083
"607","3",6834.42037631248
"608","48",10351.5854554912
"609","48",10153.230356502
"610","48",10835.8008476099
"611","48",10558.2033869606
"612","48",11833.6465413005
"613","48",11412.2772351955
"614","48",12317.7553943994
"615","78",11672.2093225571
"616","78",11216.9608475138
"617","78",11320.3769450491
"618","90",11028.1009098232
"619","90",10765.4109336125
"620","90",11563.7810240463
"621","90",11801.3514798194
"622","90",9066.24523474549
"623","90",8933.10384036418
"624","90",8508.29777212988
"625","90",8054.86726499993
"626","90",7647.05307984706
"627","90",7237.74046414561
"628","96",5825.51031483153
"629","96",5299.8274224509
"630","96",5633.41306044517
"631","96",4797.03834322197
"632","90",3788.62150689887
"633","90",2068.76541997187
"634","90",1925.30496623324
"635","90",1676.82798891555
"636","3",1320.85299435393
"637","3",1810.28629608295
"638","3",3140.37043185302
"639","3",2374.23274546475
"640","48",2674.62758814536
"641","3",5093.20227611762
"642","48",4363.93313577302
"643","3",6129.06179066144
"644","48",4598.6224944739
"645","48",5468.54914321507
"646","48",7161.52958865092
"647","48",7285.20190916086
"648","48",9846.63762211681
"649","48",9679.74159291581
"650","48",10148.6550072561
"651","48",12396.7559385209
"652","48",11924.6627825476
"653","78",12619.8546087435
"654","78",11988.5818404318
"655","78",11295.3620485434
"656","78",11343.3477126506
"657","78",10767.542063667
"658","78",10983.6157957403
"659","90",11229.9249127642
"660","78",11663.6118616233
"661","78",12083.5000693675
"662","90",9389.50197498585
"663","90",9412.33508250869
"664","90",8758.86312025743
"665","90",8346.52755839772
"666","90",7942.93811768998
"667","96",4895.55116912305
"668","96",4545.67130921062
"669","96",4306.19058133393
"670","96",5228.1006192061
"671","90",2936.43410878485
"672","96",5113.22918374533
"673","90",1750.46386908183
"674","90",1108.14947060572
"675","90",1101.1604167919
"676","3",1002.71556910413
"677","3",1224.90978030182
"678","48",1762.53338193075
"679","48",2289.99940800519
"680","48",2673.33384780455
"681","48",3818.39313596067
"682","48",3502.79551176879
"683","48",4063.14098388067
"684","48",6819.5092429966
"685","48",9483.45661243312
"686","48",9317.71561806446
"687","48",11343.1613041327
"688","48",11087.8365307712
"689","48",12900.6481384107
"690","78",12171.1709784111
"691","78",11749.0101069325
"692","78",11144.3570315517
"693","78",10123.3468027504
"694","78",10390.4888382554
"695","78",11473.29138075
"696","78",11151.1110102117
"697","78",11638.5225327832
"698","78",12130.5035498018
"699","90",9818.52327261501
"700","1",14063.5368017184
"701","1",14063.5368017184
"702","1",14063.5368017184
"703","1",14063.5368017184
"704","96",4305.70931203271
"705","96",3936.89113689403
"706","96",5793.19361680371
"707","90",3566.31892328686
"708","90",2550.49525261962
"709","90",4853.0635877668
"710","90",2006.61782199999
"711","90",653.980179357757
"712","3",635.426910648399
"713","3",994.00214841496
"714","48",1140.49929368574
"715","48",1847.97044841997
"716","48",1993.61548815543
"717","48",3178.65579887883
"718","48",3615.06901808929
"719","48",4221.81850464217
"720","48",7805.88518799638
"721","48",6417.54589043436
"722","48",6890.52225371409
"723","48",9080.01896953901
"724","48",8815.76970312002
"725","48",9409.47577807707
"726","48",13253.3646726231
"727","78",12927.4919549583
"728","78",12235.1950983188
"729","78",11675.7845829317
"730","78",9903.71659674703
"731","78",9948.40699885076
"732","78",9967.08516696748
"733","78",10373.3565354503
"734","78",10830.8314283347
"735","78",11340.9633543028
"736","78",11847.5779217981
"737","1",17500.4699038024
"738","1",17500.4699038024
"739","1",17500.4699038024
"740","1",17500.4699038024
"741","96",4024.01720874686
"742","1",8348.50426588736
"743","96",3716.71200060998
"744","96",3312.28667679493
"745","90",4278.01785440694
"746","90",1936.01068580189
"747","90",5350.85240647248
"748","90",607.500211026943
"749","90",1035.52059840784
"750","48",1202.6562012446
"751","48",585.914040157743
"752","48",1150.63245686926
"753","48",1443.92441014947
"754","48",1937.62414009489
"755","48",2467.14135512057
"756","48",2919.81376015985
"757","1",7824.86617029992
"758","48",7994.96466690444
"759","48",7057.66676694038
"760","48",8049.29336432739
"761","48",9202.88127730812
"762","48",9542.00593999767
"763","48",9833.01679891832
"764","48",13787.4006242437
"765","78",13325.5278008988
"766","78",12550.5585367669
"767","78",12369.7201532155
"768","78",10518.9108769003
"769","78",9301.30041424858
"770","78",9347.67363721502
"771","78",10143.2601263242
"772","78",10520.4302064106
"773","78",11262.0866064027
"774","78",11695.75282424
"775","1",17428.3793445217
"776","1",17428.3793445217
"777","1",17428.3793445217
"778","1",17428.3793445217
"779","1",17428.3793445217
"780","96",3505.43469252754
"781","96",3000.83088016024
"782","96",2926.20077982745
"783","90",4635.33556447669
"784","56",3733.13737118154
"785","56",3202.87413377192
"786","95",1014.33645371928
"787","95",1131.12148950312
"788","90",1607.04158259776
"789","72",1192.07109450567
"790","48",197.455490129917
"791","48",821.708062498327
"792","48",1442.28705315467
"793","48",3623.30265644887
"794","48",3165.07088385948
"795","48",3071.15438297617
"796","1",7976.20679311624
"797","48",7962.02703482973
"798","48",8862.18864466291
"799","48",8677.95985817617
"800","48",8665.08870965257
"801","48",10035.4989497202
"802","48",10281.649861195
"803","48",10947.6761306368
"804","78",12924.2935325494
"805","78",8470.69131438052
"806","78",8163.40120509677
"807","78",8441.00487957005
"808","78",10239.5116893948
"809","78",9931.81648393141
"810","78",10733.4130842058
"811","78",11046.32381167
"812","78",11620.2511500417
"813","78",12114.0024157453
"814","1",18890.3008942433
"815","1",18890.3008942433
"816","1",18890.3008942433
"817","1",18890.3008942433
"818","1",18890.3008942433
"819","96",2828.93766193289
"820","96",2367.39233523478
"821","90",4997.32829402934
"822","90",5261.84618291347
"823","56",3132.0587052196
"824","56",2554.99201994689
"825","95",394.529721983471
"826","95",397.066075742486
"827","72",1161.89780824227
"828","40",985.166440208256
"829","40",752.626375475178
"830","40",1575.4493758294
"831","48",2374.99885776784
"832","1",7280.05126790791
"833","1",7280.05126790791
"834","48",3699.57428277227
"835","1",8604.62669291234
"836","48",7976.72785902681
"837","48",8172.84684958433
"838","48",9149.78611918989
"839","48",9135.64639048559
"840","48",10591.6750500223
"841","48",10839.592190262
"842","48",11338.5284495002
"843","78",8403.27901741348
"844","78",8256.55757527438
"845","78",7744.7613726379
"846","78",8020.39186841806
"847","78",9013.93378255304
"848","78",10281.0375686372
"849","78",10469.6749546549
"850","78",11073.2936785097
"851","78",11415.6038640736
"852","78",11887.5795730594
"853","1",18663.8780515574
"854","1",18663.8780515574
"855","1",18663.8780515574
"856","1",18663.8780515574
"857","1",18663.8780515574
"858","96",1740.68241201751
"859","96",1788.49899507262
"860","90",5526.45248262913
"861","90",5606.43353570934
"862","56",3268.89670355326
"863","56",2667.18473753659
"864","56",2023.88872592229
"865","95",672.930832944147
"866","95",1723.54641244585
"867","40",1512.52452744942
"868","40",1168.86277756461
"869","40",1427.53633578801
"870","9",5450.42041068866
"871","48",3095.61943308604
"872","48",5579.48605110872
"873","48",5059.43288812234
"874","48",5327.25878653782
"875","48",5826.92178164069
"876","48",10569.8414823873
"877","48",9862.09578849804
"878","48",9711.49693800694
"879","48",10871.7368755483
"880","48",11204.1218557291
"881","78",7590.18529443405
"882","78",7347.36217019991
"883","78",8047.72264959236
"884","78",11613.4225232497
"885","78",11113.45771118
"886","78",11010.4602968726
"887","78",11435.9262632794
"888","78",11866.9557816429
"889","78",3061.68860291002
"890","78",2516.32294880635
"891","78",1786.46082794872
"892","1",8061.07885157612
"893","1",8061.07885157612
"894","78",2721.51388669721
"895","90",6007.54113293342
"896","96",1548.05545971603
"897","96",1808.13660715062
"898","133",3061.62247258822
"899","133",2667.3557057615
"900","133",2688.22356486436
"901","56",1555.51808970586
"902","1",907.266775633899
"903","1",1009.04863179696
"904","1",1629.69677400643
"905","1",2206.25341061617
"906","9",5125.70831858178
"907","48",3424.16158920441
"908","48",5058.59809869674
"909","48",5005.62342116525
"910","48",4817.05708267969
"911","48",4978.23254802978
"912","48",10392.3117141271
"913","48",10616.1391957294
"914","78",6780.56340288801
"915","78",7158.71020975863
"916","78",7660.53599925614
"917","78",11553.7820727534
"918","78",11417.6025132399
"919","78",6150.80589924655
"920","78",6747.54790110762
"921","78",2593.73252143889
"922","78",1874.11313699483
"923","78",2226.18910340576
"924","78",1286.80799695405
"925","78",1449.67631568784
"926","78",2134.6138587911
"927","96",695.813437970435
"928","96",1649.27057903645
"929","96",1492.95791251121
"930","15",3013.35747665172
"931","133",2783.66591476756
"932","133",2123.44120375757
"933","133",2505.53028076977
"934","56",1186.01313016197
"935","1",976.206873184075
"936","1",1344.52305496396
"937","1",2435.65241748698
"938","1",2448.77485119802
"939","48",3977.79128308411
"940","48",4634.21784889042
"941","48",5199.55020631868
"942","32",5665.76413272418
"943","48",5386.53692586889
"944","32",5568.55436915515
"945","48",10969.5632850236
"946","48",10970.2583061374
"947","78",6479.28859212899
"948","78",6977.35744786647
"949","78",5329.03429700409
"950","78",5404.00544127216
"951","78",5613.9617364106
"952","78",6201.85270079819
"953","78",6959.18077687067
"954","78",2099.18098015903
"955","78",1541.11044262925
"956","78",968.488023440197
"957","96",2019.07626245343
"958","78",1474.21496953658
"959","96",845.797763343532
"960","96",462.746553786666
"961","96",1019.30502888805
"962","96",1413.32081618496
"963","15",2449.41519543352
"964","133",2183.11910426072
"965","133",1691.00416728702
"966","133",1291.30676298228
"967","133",1519.99247988211
"968","9",1536.52784405635
"969","9",1767.85931722559
"970","9",2440.11693775423
"971","9",4440.49258016773
"972","48",4299.21946137108
"973","48",5015.21626628741
"974","48",5608.0892138721
"975","32",5327.03959499059
"976","32",5090.12347758796
"977","32",5743.86944025794
"978","78",6617.20471072433
"979","78",6027.91009774127
"980","78",5988.73170140741
"981","78",5724.21441599132
"982","78",4787.04517695847
"983","78",3648.77536922341
"984","78",2935.0360421986
"985","78",6288.09795892079
"986","1",13064.3964374188
"987","78",1306.43219668295
"988","78",1215.95089822098
"989","78",359.820327456893
"990","78",1105.05922554643
"991","67",1214.36857141682
"992","96",957.93915050509
"993","15",777.854879031153
"994","96",1439.03630810431
"995","15",1838.21967325311
"996","133",2402.29295380432
"997","133",1874.56544996824
"998","133",1745.74917755015
"999","133",483.712484291803
"1000","83",3374.81888466609
"1001","9",1436.43871467377
"1002","9",1992.43316489538
"1003","9",2991.48016235205
"1004","9",3327.98419254156
"1005","9",4267.68417859219
"1006","9",4314.28706709379
"1007","32",4325.99916047543
"1008","32",5012.35589580499
"1009","32",4234.77292342202
"1010","78",6170.92932576143
"1011","78",5501.46734208076
"1012","78",4939.57460300885
"1013","78",4431.70455579403
"1014","78",4436.58895162245
"1015","78",4033.76740367925
"1016","78",2834.38903138962
"1017","78",2264.99148796762
"1018","78",1612.15532406728
"1019","78",1572.93556343509
"1020","78",616.079541118755
"1021","78",1143.26801187995
"1022","67",1212.97327194142
"1023","67",1085.34347959232
"1024","15",618.179138223498
"1025","15",1253.474095199
"1026","15",1280.69690004973
"1027","15",2213.14095282171
"1028","83",2246.81611779728
"1029","133",1570.51659444634
"1030","9",1187.29267084877
"1031","9",660.79710184237
"1032","83",2876.69361357594
"1033","9",2184.06276626131
"1034","9",2820.86530854401
"1035","9",3065.8571675057
"1036","22",3327.63697712552
"1037","32",4202.80755228541
"1038","32",3874.46124362954
"1039","32",3872.67246851318
"1040","32",3866.89819026059
"1041","32",4334.95969907579
"1042","117",5199.89903751396
"1043","117",5204.25654051194
"1044","117",4444.38554957929
"1045","78",4692.93265803983
"1046","78",4116.63002580767
"1047","78",3533.29839228901
"1048","78",2952.32946646712
"1049","78",2625.73373615747
"1050","78",1618.2657768631
"1051","78",1437.21359929204
"1052","78",1267.21509163589
"1053","78",1796.63159286585
"1054","67",408.143354312091
"1055","111",312.689979081634
"1056","111",861.147324381619
"1057","111",1525.48130043785
"1058","15",2041.18773575415
"1059","83",2176.30276935578
"1060","83",1772.13008160296
"1061","83",1255.22708114166
"1062","9",1001.50163454776
"1063","9",621.086085417523
"1064","56",2571.0773228957
"1065","9",2639.64814987187
"1066","22",3146.88148099498
"1067","1",4973.88958048945
"1068","9",4348.07857701042
"1069","32",3607.3459046501
"1070","32",3381.11356231415
"1071","32",3238.20790538228
"1072","32",4621.42855775916
"1073","32",5068.70386243142
"1074","32",4733.75182513226
"1075","117",5393.88824858087
"1076","117",4937.52359634104
"1077","117",4305.98866124847
"1078","117",4069.30069408486
"1079","117",3466.25221979268
"1080","117",4101.93233907829
"1081","78",3849.28310934189
"1082","78",3199.0381811492
"1083","78",2678.97036381245
"1084","78",2210.49893840815
"1085","78",1884.29322327301
"1086","78",2422.9699661535
"1087","78",2352.98710670026
"1088","111",577.364396270056
"1089","111",902.140108497803
"1090","111",1613.09478530416
"1091","111",2100.79648742142
"1092","83",2792.5170825752
"1093","83",2458.1821776639
"1094","83",1188.90379993735
"1095","83",702.18171107104
"1096","9",1153.22220475637
"1097","83",1030.80571546804
"1098","56",3068.56548108613
"1099","83",2467.76045016191
"1100","83",2534.42614586071
"1101","22",2309.59627413798
"1102","22",2241.02740288524
"1103","32",3174.70831638853
"1104","32",2669.85595182389
"1105","32",5355.53435131859
"1106","32",5320.74886557341
"1107","32",4235.95105929115
"1108","32",4577.52286744575
"1109","117",5365.8676571269
"1110","117",4929.29352178652
"1111","117",3235.37555732162
"1112","117",3039.88281471397
"1113","117",4794.69226201276
"1114","78",4410.88479702603
"1115","78",5272.7461818591
"1116","78",3420.0880210307
"1117","78",3670.2308299718
"1118","78",2558.59329677889
"1119","111",8049.45742596242
"1120","78",2730.66661728667
"1121","111",2177.78105325919
"1122","111",2468.23171070519
"1123","111",1467.8571591758
"1124","111",2725.51914713323
"1125","83",3122.27799151941
"1126","83",2426.75781450276
"1127","83",1927.15372841386
"1128","83",1097.80261065412
"1129","83",866.606665433057
"1130","83",1113.3699323126
"1131","83",1051.36513571179
"1132","56",3572.57556414263
"1133","83",2256.95782996354
"1134","22",2015.03552705469
"1135","22",1575.72323332844
"1136","22",1631.15967165546
"1137","32",2665.34073474319
"1138","32",2227.38852687088
"1139","32",3652.4322086506
"1140","32",4328.51365306459
"1141","32",4115.77519397623
"1142","32",4734.72286918328
"1143","87",2373.43303489262
"1144","87",2360.25106609848
"1145","1",13858.7441923485
"1146","117",2465.24036095629
"1147","117",3469.74050849264
"1148","117",4142.16117513728
"1149","117",4735.91733295729
"1150","78",4344.00352457354
"1151","78",3950.30310731297
"1152","78",4319.19065524461
"1153","111",7835.99643860933
"1154","111",7396.35468615627
"1155","111",2666.02539063852
"1156","111",2004.15926961319
"1157","111",2059.21263652425
"1158","111",2978.13345722193
"1159","111",2645.16091681251
"1160","83",2622.27965995089
"1161","83",2240.25876311965
"1162","93",2920.78143832334
"1163","93",2636.64306484713
"1164","83",1126.89624462928
"1165","93",1467.89069981952
"1166","93",1149.71689915751
"1167","83",2124.879785514
"1168","22",2492.82935684515
"1169","22",2071.73625001607
"1170","22",1120.92194612928
"1171","22",1387.15514414446
"1172","32",2473.98733405407
"1173","32",1788.75371927932
"1174","32",2339.81039069463
"1175","32",3176.72610453984
"1176","32",3819.63332708888
"1177","32",4542.08789864154
"1178","32",5550.86923164302
"1179","1",10977.6807926927
"1180","87",1912.65494300183
"1181","87",2437.59600521586
"1182","117",3263.79424751669
"1183","117",2631.3394105754
"1184","117",3338.80933226085
"1185","117",5015.08361685344
"1186","117",4670.42553143037
"1187","78",4986.32513017534
"1188","117",5380.93219163999
"1189","117",6072.56316642628
"1190","111",7251.04275671993
"1191","111",3174.71640931289
"1192","111",2917.99638177897
"1193","111",2241.7102861841
"1194","111",2550.81992764833
"1195","111",3063.66198973702
"1196","83",3279.54127757
"1197","83",2617.44551465445
"1198","93",2777.27521799747
"1199","93",2614.90950833174
"1200","93",2106.02776518041
"1201","93",1085.76888687747
"1202","93",845.187039135562
"1203","93",797.017165149488
"1204","32",3137.93995805296
"1205","32",2632.77913127369
"1206","22",1090.60499260066
"1207","22",774.212585351514
"1208","22",1595.98164298479
"1209","32",339.657500584617
"1210","32",2749.76641304303
"1211","32",3079.83513398229
"1212","32",2858.06239616088
"1213","32",2978.39794936297
"1214","32",5084.67311052711
"1215","32",6074.96884506431
"1216","87",1180.93925810757
"1217","87",962.333978299484
"1218","117",958.214324214272
"1219","117",1406.46282265041
"1220","117",1930.04245937831
"1221","8",3183.13311685444
"1222","117",5307.45439326705
"1223","117",4811.1131738476
"1224","117",4188.55000946549
"1225","117",4770.61909705944
"1226","117",5378.20936055889
"1227","117",5934.21722356058
"1228","117",6627.13854283477
"1229","111",3714.92558135537
"1230","111",3504.86442620795
"1231","111",3274.62232052347
"1232","111",3325.68071021771
"1233","111",3897.58641870586
"1234","83",3223.10113020068
"1235","93",3399.6612943622
"1236","93",2648.55396011539
"1237","93",2283.65687014362
"1238","93",2000.14145123742
"1239","93",749.916991548636
"1240","93",145.306043138117
"1241","83",3059.39593226441
"1242","32",3225.68300493693
"1243","93",3004.92007769045
"1244","32",2697.14414385787
"1245","32",1365.32266612336
"1246","32",786.224382114241
"1247","32",1340.81920009344
"1248","32",1705.30853045272
"1249","32",2575.23468934225
"1250","32",3201.41652292364
"1251","32",3471.29031858047
"1252","32",4229.15562406341
"1253","32",4790.23783906626
"1254","32",5602.74854520029
"1255","68",1558.64822655073
"1256","68",1085.33132154268
"1257","117",233.908047736887
"1258","117",1403.00440550292
"1259","117",1938.16906139475
"1260","8",2689.21534310453
"1261","117",5963.1037929178
"1262","117",5494.18514951517
"1263","8",5995.44151995598
"1264","117",4904.37556987411
"1265","78",6166.03922145494
"1266","78",5646.08255617488
"1267","78",4951.74521320107
"1268","111",5494.9649190488
"1269","111",4937.81021358204
"1270","78",5386.30589476414
"1271","83",5561.825296626
"1272","111",3758.12264264109
"1273","83",3799.70244211553
"1274","83",3847.12962805898
"1275","83",5215.79327538614
"1276","93",2443.39752412235
"1277","93",1973.56838899355
"1278","93",1525.40547853019
"1279","93",750.285246495811
"1280","83",3548.37607666642
"1281","93",2219.42505903713
"1282","32",2430.36705004617
"1283","32",2297.70324332136
"1284","32",2192.87703504603
"1285","33",1573.67998443261
"1286","32",1340.86698324735
"1287","32",1757.13056560619
"1288","32",2236.5064235176
"1289","32",3318.34035098237
"1290","32",3675.59376093825
"1291","32",4016.27191046434
"1292","32",4760.35831735907
"1293","68",1616.68881225918
"1294","68",917.975855270106
"1295","68",922.428307597523
"1296","68",1516.68618071817
"1297","8",1927.3727143233
"1298","8",2060.32409123014
"1299","117",4750.26649951961
"1300","117",4970.77322922053
"1301","8",5833.28152092795
"1302","117",5146.4861511928
"1303","117",5612.81031208437
"1304","78",6298.03622894641
"1305","78",5316.29719360679
"1306","78",5005.14227715457
"1307","111",5583.81521069874
"1308","111",5005.07140662558
"1309","111",4362.12802470097
"1310","83",5234.18743774122
"1311","83",4506.89348249548
"1312","83",4068.23318865298
"1313","83",4668.62509969542
"1314","83",5285.74253185408
"1315","93",2304.43219152346
"1316","93",2149.58592816742
"1317","83",7830.5430193625
"1318","93",1245.28934888266
"1319","93",1893.07451070065
"1320","93",2778.62141539457
"1321","109",3477.70976976887
"1322","32",2691.73062667204
"1323","33",2834.31439551703
"1324","32",1523.30029617392
"1325","33",1396.00583401252
"1326","33",3006.25460364963
"1327","32",2767.12437224735
"1328","33",3064.84124552845
"1329","76",3943.64581013732
"1330","32",4591.71870492475
"1331","32",5121.03852455458
"1332","68",3145.8576883247
"1333","68",2415.02388138736
"1334","68",1501.9886885388
"1335","68",1351.9401475325
"1336","68",1061.98295194052
"1337","8",1630.9439159559
"1338","117",5071.20228072755
"1339","117",5733.99961211079
"1340","8",5383.0206919862
"1341","8",5081.18202482287
"1342","117",5883.53579864247
"1343","117",6353.01055108424
"1344","78",6492.39977737169
"1345","78",5515.78500109421
"1346","78",5442.68321175215
"1347","111",5683.21225539681
"1348","83",5986.18329865328
"1349","83",5689.20976255977
"1350","83",5110.57917642863
"1351","83",4516.03540515721
"1352","93",5695.46606535443
"1353","93",4894.36340101167
"1354","83",5550.78075370795
"1355","93",4432.03905096482
"1356","83",7420.99878919847
"1357","93",3027.53071279057
"1358","93",2051.06396703798
"1359","93",2477.97980024951
"1360","93",3476.16236473999
"1361","109",3140.16034479791
"1362","33",2442.53370687091
"1363","33",2235.52190906208
"1364","33",779.912895329758
"1365","33",1096.5302301437
"1366","33",2502.64770901926
"1367","1",9562.08086802166
"1368","76",4163.55484972409
"1369","32",4534.08545543841
"1370","76",3008.13546409406
"1371","32",5565.78348205328
"1372","1",10992.595043103
"1373","1",10992.595043103
"1374","68",3453.59064342118
"1375","68",2552.50493710854
"1376","68",2263.46060463392
"1377","68",1450.90933264312
"1378","68",1628.03241389516
"1379","77",1381.24821837952
"1380","8",2984.59878960195
"1381","117",5587.94931712011
"1382","8",5107.38260123543
"1383","8",4723.78956428277
"1384","8",5334.95098833467
"1385","117",6450.70521522355
"1386","117",6790.83367043573
"1387","78",6019.1858563328
"1388","78",5871.15946926978
"1389","78",5906.09742083678
"1390","83",6460.57478048022
"1391","83",6176.38769502744
"1392","83",6095.11304516981
"1393","83",5074.52173506968
"1394","93",6410.95954644986
"1395","93",5250.59496623153
"1396","93",4456.95089005797
"1397","93",4274.9190589431
"1398","93",3792.53921894862
"1399","93",3122.51224641974
"1400","93",2583.00431224008
"1401","93",3017.89474257006
"1402","93",3438.01687279575
"1403","109",3022.73096075904
"1404","109",2454.43968983844
"1405","109",2540.74319645934
"1406","33",2013.2325461573
"1407","33",1064.78814936036
"1408","33",1525.69307371753
"1409","33",2066.85511992106
"1410","33",2571.48742924329
"1411","76",3677.75460954714
"1412","76",3335.40692132663
"1413","76",2506.78267212474
"1414","76",3065.6218410404
"1415","1",11459.7226948911
"1416","1",11459.7226948911
"1417","76",3555.56923187076
"1418","68",4538.01547633658
"1419","68",4247.72571795691
"1420","68",2816.98706638659
"1421","8",2415.32455732043
"1422","77",1785.76777406717
"1423","77",844.011160450592
"1424","74",398.634618552389
"1425","8",2401.15632775426
"1426","8",4906.04475734302
"1427","8",4441.12457649496
"1428","8",5652.57048144186
"1429","8",6028.21653617999
"1430","8",6478.44576135814
"1431","8",6957.52066687003
"1432","78",6336.16221718361
"1433","78",6293.06778741512
"1434","111",6341.11004324909
"1435","83",6683.14229893116
"1436","83",6533.96368511194
"1437","83",5674.27734007013
"1438","93",6977.15049275431
"1439","93",5367.20744654261
"1440","93",4678.32782004583
"1441","93",7750.3114504387
"1442","93",4129.05762558558
"1443","93",3891.52063983039
"1444","93",3792.51362238137
"1445","93",3663.71670978283
"1446","93",3144.82987330358
"1447","109",3354.68337741479
"1448","109",3399.94354781723
"1449","109",2064.56276475174
"1450","109",2203.30452120544
"1451","33",1187.04591585451
"1452","33",1951.80971658045
"1453","33",2108.43111787859
"1454","33",2530.20917354155
"1455","33",3038.05621730981
"1456","76",3744.94081514953
"1457","76",2499.8443982875
"1458","76",2130.94360584001
"1459","1",11412.3994462604
"1460","76",2689.5879308227
"1461","68",4916.00854065858
"1462","68",3780.76314066029
"1463","68",4520.21741418686
"1464","68",2448.98660398604
"1465","77",2187.47941737389
"1466","8",1308.1827387402
"1467","8",933.185558507835
"1468","8",1121.48708274705
"1469","8",1828.11094813222
"1470","8",4062.66745776019
"1471","8",6054.2834412209
"1472","8",6367.82419699232
"1473","8",6654.46455732227
"1474","8",6914.41610934974
"1475","8",6276.95434453558
"1476","78",6737.18325938781
"1477","78",6763.86231849483
"1478","83",7180.19510258996
"1479","83",7012.08149152541
"1480","83",6967.67191613322
"1481","83",5838.90381045478
"1482","93",5546.78193168075
"1483","93",5018.60379791285
"1484","93",7652.71261339704
"1485","93",7087.42628534857
"1486","83",6817.0925555539
"1487","93",4081.69131786092
"1488","93",4391.83226281731
"1489","93",3848.88579368519
"1490","93",3494.63871554857
"1491","109",3574.55682491163
"1492","109",2641.37688793518
"1493","109",1514.85025959798
"1494","109",918.809392212707
"1495","110",1029.66961805026
"1496","33",2435.4149060721
"1497","33",2936.02086514696
"1498","128",2849.71121424537
"1499","33",3528.42952638632
"1500","128",2283.10824573705
"1501","76",2063.39942178358
"1502","76",1886.2512071887
"1503","76",2334.20633244531
"1504","68",4614.56273786503
"1505","68",4270.21609418312
"1506","68",4084.90762513437
"1507","68",2853.65132969318
"1508","8",2424.37426870015
"1509","8",1752.11044680892
"1510","8",1868.08945240698
"1511","8",1411.42013494506
"1512","8",2460.59954476344
"1513","94",7216.43336070318
"1514","8",3472.85300650757
"1515","8",3703.03950417854
"1516","8",7118.56560594065
"1517","8",5499.61112872034
"1518","8",5782.20947531397
"1519","8",6184.13508943199
"1520","8",7378.28693574908
"1521","8",7739.29978238613
"1522","83",7490.14079563301
"1523","83",7398.24108159154
"1524","83",6329.01502657177
"1525","93",5913.99305642988
"1526","93",8329.87501774492
"1527","93",7782.29570313731
"1528","93",7241.52448423029
"1529","93",6626.7752845881
"1530","93",4187.47601912766
"1531","93",5966.40682135099
"1532","93",3935.50411055809
"1533","93",4218.6020614343
"1534","109",4100.32415766036
"1535","109",2915.43381573071
"1536","109",2200.5546555175
"1537","109",1337.40324923042
"1538","109",340.041541031487
"1539","110",602.346485993422
"1540","61",2053.29798826895
"1541","61",1797.40555505407
"1542","128",1834.4625527192
"1543","128",1169.54942222065
"1544","128",1830.3471230854
"1545","76",1733.64218236693
"1546","76",1273.10182452859
"1547","76",1537.82499937253
"1548","68",6258.2771478909
"1549","68",6140.49625021415
"1550","8",5815.25473326329
"1551","68",4115.61009625672
"1552","8",3082.09872371589
"1553","8",2315.64035716143
"1554","8",2654.91817258375
"1555","8",1772.54182575843
"1556","8",1885.7499431226
"1557","94",7463.58311414451
"1558","94",6790.85389188487
"1559","8",3497.64899414812
"1560","8",4279.55415580136
"1561","8",4969.44314088295
"1562","8",5294.02951559355
"1563","8",5734.60794890686
"1564","8",6853.06441569939
"1565","8",7243.30240537906
"1566","119",6389.60396544364
"1567","119",6683.89342067919
"1568","119",7044.05171714517
"1569","93",9105.17051019187
"1570","93",8606.1709178637
"1571","93",8075.18802508719
"1572","93",7585.16355654357
"1573","93",6990.84964716711
"1574","93",6287.20249685936
"1575","93",4528.04868011347
"1576","93",4464.09030352877
"1577","93",4191.1119767026
"1578","93",4088.19311764946
"1579","109",3697.90378144208
"1580","109",3398.75440260484
"1581","109",2612.44161691561
"1582","109",1984.78459006047
"1583","109",3649.32156816894
"1584","61",1399.38282183606
"1585","61",486.457507351052
"1586","61",412.448633039165
"1587","128",646.969746405631
"1588","128",3403.98419312275
"1589","128",1621.78279323106
"1590","76",836.776895048642
"1591","76",1155.36840309728
"1592","76",1822.6788569295
"1593","1",13726.0989454357
"1594","68",5618.01621551418
"1595","68",4930.95181126391
"1596","8",5061.98199978104
"1597","8",3510.9922009223
"1598","8",2793.97846805268
"1599","8",2863.75083329603
"1600","8",2343.6297303522
"1601","8",2290.10526846914
"1602","8",2470.71503858968
"1603","94",7084.54296486864
"1604","94",6116.24602630651
"1605","119",6475.09431577226
"1606","8",4347.3833959861
"1607","8",4868.87115423316
"1608","8",5712.47823089143
"1609","8",6327.84187799243
"1610","8",6784.85625859092
"1611","119",5895.07823009612
"1612","119",6209.12271810594
"1613","119",6606.21389618671
"1614","119",3853.82530442225
"1615","108",4789.80153670988
"1616","93",8447.0706537615
"1617","93",7985.72185069716
"1618","93",7352.02945039047
"1619","93",6653.5539973442
"1620","93",5908.41284352315
"1621","100",5710.37410698558
"1622","93",5105.24003071797
"1623","93",5132.98882154459
"1624","93",4574.40348930371
"1625","109",3709.02437509444
"1626","109",4343.27809136127
"1627","109",3050.45157477764
"1628","109",2701.10634466294
"1629","109",3448.05370497676
"1630","109",4130.80433067544
"1631","73",652.342877162827
"1632","128",719.91724172973
"1633","128",843.453834240392
"1634","128",2154.83395004707
"1635","76",436.273288954285
"1636","76",1431.20046146888
"1637","76",1978.34453530687
"1638","1",14628.0487341329
"1639","82",6231.98177921543
"1640","68",5555.90745430246
"1641","8",4601.09465003354
"1642","8",5080.10994022336
"1643","8",3752.25660165908
"1644","8",3799.78964332337
"1645","8",2983.87561216325
"1646","8",2928.96248402856
"1647","8",2873.08517948647
"1648","94",6465.36163380482
"1649","94",5966.66213306436
"1650","8",4280.73511080051
"1651","119",6378.65132396426
"1652","8",4846.61973199452
"1653","8",5161.80309101508
"1654","8",5814.85382471153
"1655","8",6372.78780965358
"1656","119",5406.93438189469
"1657","119",5739.936738899
"1658","119",6134.47901168159
"1659","119",3570.01076322308
"1660","119",3475.09944099035
"1661","108",4292.16938376588
"1662","108",4175.50859990565
"1663","108",4122.80740010811
"1664","93",6418.01204730487
"1665","1",9936.38140413349
"1666","1",9936.38140413349
"1667","100",4914.9475274218
"1668","109",5382.40907383107
"1669","109",4721.78268654835
"1670","109",4353.20342979337
"1671","109",3233.01874775386
"1672","109",5111.24819941793
"1673","109",2928.28034400791
"1674","73",2554.29193212158
"1675","73",2449.92776402558
"1676","73",482.328454559954
"1677","73",769.986016238737
"1678","128",702.941526213402
"1679","128",4214.38998403099
"1680","125",1536.51958679403
"1681","76",1104.39977426439
"1682","76",1375.620855161
"1683","1",14025.3250539871
"1684","82",5407.08132173282
"1685","82",5217.7003428546
"1686","82",4897.39003081933
"1687","8",3812.54070876586
"1688","8",4023.99101234382
"1689","8",4360.0162692397
"1690","8",3579.66090532799
"1691","8",3514.29525327951
"1692","82",4286.30087671808
"1693","94",6132.34949948045
"1694","94",5487.49377628296
"1695","8",4837.6808117127
"1696","119",5731.27359232608
"1697","119",5283.99897706516
"1698","119",4811.79788799358
"1699","8",5953.46920480149
"1700","119",4879.32992967992
"1701","119",5243.05359261933
"1702","119",5719.80006733845
"1703","119",3138.8237975343
"1704","119",2996.52846595281
"1705","108",4053.34163207
"1706","108",3796.54015689043
"1707","108",3702.25928314534
"1708","108",3741.78422204479
"1709","1",16891.3672664701
"1710","1",16891.3672664701
"1711","1",16891.3672664701
"1712","100",4520.21037994639
"1713","100",4558.46977637095
"1714","109",4157.54285644552
"1715","109",3807.60370369955
"1716","109",4383.32715277664
"1717","109",4808.19223233902
"1718","73",3327.05443643883
"1719","73",2044.83898392965
"1720","73",1917.56194483801
"1721","41",1054.27333714462
"1722","41",402.745731711717
"1723","42",592.98813333108
"1724","125",1488.30558467319
"1725","125",837.777413896146
"1726","43",2612.98842383524
"1727","76",1614.37197008709
"1728","1",14264.0761689132
"1729","1",14264.0761689132
"1730","82",5601.44146284606
"1731","82",5987.04624540231
"1732","82",4744.31632644283
"1733","82",4081.44647469428
"1734","82",4265.83112705844
"1735","82",3712.30239692779
"1736","82",4378.27520335876
"1737","82",5092.21871742831
"1738","82",3681.94652880196
"1739","82",3859.60186597193
"1740","94",5096.57804003035
"1741","94",4675.76202023825
"1742","94",5050.65896703069
"1743","94",5317.19819147867
"1744","119",4775.80637540259
"1745","119",4370.71220216239
"1746","119",3695.08282924324
"1747","119",4811.72042240326
"1748","119",5513.92661470056
"1749","119",4064.01021477309
"1750","119",2707.93759880472
"1751","119",2666.8429535562
"1752","108",3564.72789492967
"1753","108",3389.77186968449
"1754","108",3260.36443067088
"1755","108",3510.30193253202
"1756","100",4138.43815016881
"1757","100",3794.33519437072
"1758","100",3856.04752217065
"1759","101",4057.71850448745
"1760","109",4792.4618087163
"1761","101",4415.8427219849
"1762","73",4371.33435114378
"1763","73",3841.92336943022
"1764","73",3195.51365183026
"1765","73",3110.69904044139
"1766","73",1550.99201572253
"1767","73",1589.22618174535
"1768","5",1240.38019101949
"1769","39",366.516086543719
"1770","42",1143.23424593301
"1771","125",762.386962717304
"1772","43",4119.66871230252
"1773","43",2879.22561624096
"1774","43",1980.80112756588
"1775","1",14761.5313105561
"1776","1",14761.5313105561
"1777","82",5857.77327228178
"1778","82",5123.06734206179
"1779","82",4586.37215191362
"1780","82",4045.27076547107
"1781","82",3751.65682504718
"1782","82",3990.82901025488
"1783","82",3544.49327029271
"1784","82",4670.63852623846
"1785","82",3095.5943018051
"1786","82",3375.6554507118
"1787","82",3574.86447485448
"1788","82",4042.94070400076
"1789","94",4346.90367918983
"1790","119",5827.35876940141
"1791","119",5692.24491812155
"1792","119",4834.10780551907
"1793","120",3965.02281229837
"1794","119",3356.86969556837
"1795","119",3202.63388289416
"1796","119",3240.15124714713
"1797","119",2283.38933342868
"1798","119",2167.24295439439
"1799","119",2018.93153187155
"1800","108",3099.96956822029
"1801","108",2896.97824740354
"1802","108",3067.97381608796
"1803","108",3271.92836202807
"1804","100",3490.42258842613
"1805","100",3830.46182104457
"1806","101",4819.83454640615
"1807","101",3519.7219613615
"1808","101",4234.43372744229
"1809","73",4682.56032137075
"1810","101",4367.49430035594
"1811","73",4004.44262833368
"1812","5",3983.11307000775
"1813","73",2074.9465390651
"1814","5",1982.52823105563
"1815","5",1124.1054462757
"1816","129",817.251616374885
"1817","114",509.712317999846
"1818","6",874.623915807185
"1819","6",1353.723325297
"1820","1",14220.3644680046
"1821","43",1676.04082267456
"1822","43",2576.33599026188
"1823","1",16607.4159395392
"1824","82",4732.00091015097
"1825","82",4301.53131618659
"1826","82",3740.46444462743
"1827","82",4713.49803075606
"1828","82",2979.39639624106
"1829","82",3215.14556834014
"1830","82",2957.90802085467
"1831","82",2919.64241776428
"1832","82",2651.21748907955
"1833","82",3660.02734129194
"1834","94",5071.64240234228
"1835","94",5112.34847755759
"1836","94",4766.54488678827
"1837","94",4057.77785733361
"1838","119",5490.358942602
"1839","119",5252.61773627483
"1840","119",4862.37559315572
"1841","119",3253.69306721339
"1842","119",2267.53280611852
"1843","1",17712.8197919168
"1844","119",1674.9079375398
"1845","119",1777.57355016138
"1846","119",1771.48334579472
"1847","108",2609.11625023246
"1848","108",2606.70887481203
"1849","108",2854.72540341706
"1850","100",3365.06378709277
"1851","100",2854.38752639215
"1852","101",5367.43098566836
"1853","100",3354.1094682243
"1854","101",3023.62104458581
"1855","101",3269.37614401727
"1856","101",3797.28508000069
"1857","5",4138.70341494067
"1858","5",3292.61879806834
"1859","5",3137.29583050726
"1860","5",2506.84384820738
"1861","5",1091.52411533257
"1862","5",454.972000819123
"1863","89",600.111112107428
"1864","6",254.617656222449
"1865","20",3118.92872050876
"1866","43",1332.56349015497
"1867","43",1315.45513299605
"1868","76",2862.95097384318
"1869","1",15512.6551726693
"1870","1",15512.6551726693
"1871","82",4418.43511701053
"1872","82",3800.31067660188
"1873","82",3226.02187904649
"1874","82",2861.87256061696
"1875","82",2343.73454895502
"1876","82",2124.54294941015
"1877","82",2423.64019912573
"1878","82",2026.59061025722
"1879","82",3001.35798081089
"1880","82",2886.15744417194
"1881","94",5590.47700770157
"1882","94",5488.35832858985
"1883","120",4595.45770757749
"1884","120",4121.73255467777
"1885","120",3338.80353592048
"1886","120",3085.84395484957
"1887","119",3308.69272049464
"1888","119",2754.37248210268
"1889","53",1841.35305513724
"1890","119",1173.24437431925
"1891","119",921.551660518719
"1892","119",1489.5859905177
"1893","108",2570.55105401315
"1894","108",2169.46057345844
"1895","108",2401.46467151358
"1896","108",1849.88566394986
"1897","100",2670.63079089041
"1898","100",3862.74895107905
"1899","100",2551.73911065901
"1900","100",3092.11737049887
"1901","107",4576.61455502337
"1902","107",3456.14607251616
"1903","107",3518.54835996351
"1904","107",3381.49069991147
"1905","5",3324.84258274857
"1906","5",2653.67924582371
"1907","5",1694.11055827886
"1908","5",1315.58321602098
"1909","75",475.082684940484
"1910","89",406.095710771046
"1911","28",1661.9767419281
"1912","38",1502.91149788379
"1913","6",2425.32050972402
"1914","43",1401.98247004894
"1915","1",15844.0197045489
"1916","1",15844.0197045489
"1917","1",15844.0197045489
"1918","82",4341.7966868219
"1919","82",3594.21567070673
"1920","82",2850.15303110152
"1921","82",2687.60093111603
"1922","82",1659.9491012532
"1923","82",1600.84122994772
"1924","82",1773.15002635431
"1925","82",2772.19948870917
"1926","82",2286.56189297758
"1927","82",2636.64173460908
"1928","94",3005.11197636813
"1929","94",3566.21855827319
"1930","94",3853.4028471388
"1931","120",3693.86932427636
"1932","120",6999.44882263128
"1933","120",2178.20786079234
"1934","120",1667.76475288319
"1935","120",1592.52205300525
"1936","119",1483.15591577103
"1937","119",688.763438537726
"1938","119",837.382127851917
"1939","127",1539.3571683801
"1940","1",15880.4327529676
"1941","108",1343.40715986041
"1942","108",1357.29815163215
"1943","108",1918.53905652998
"1944","100",1946.5360844528
"1945","100",1834.94472740259
"1946","100",2692.24584871732
"1947","101",2095.43337114609
"1948","107",2889.59099649362
"1949","107",3335.74440349814
"1950","107",2925.28317466281
"1951","107",2632.68020496082
"1952","46",2641.35998296724
"1953","5",2598.89605325003
"1954","5",1599.86201905984
"1955","75",1404.44091928242
"1956","75",982.766216467186
"1957","28",1179.35586998569
"1958","38",1224.6018979038
"1959","20",2016.67899203495
"1960","6",2687.27427644105
"1961","1",15571.9304683454
"1962","1",15571.9304683454
"1963","1",15571.9304683454
"1964","1",15571.9304683454
"1965","82",4513.39680703419
"1966","82",4270.44813452624
"1967","82",4277.60864812881
"1968","82",2214.35498099697
"1969","82",1404.75377815623
"1970","82",1611.01415549343
"1971","82",1527.87618925854
"1972","82",1274.89782427
"1973","82",2086.07424727576
"1974","94",2437.67376004862
"1975","94",3275.29569144812
"1976","94",2733.34530653015
"1977","94",3091.42388531926
"1978","120",6917.36541422177
"1979","120",6539.70806598968
"1980","120",4784.51843087213
"1981","120",1679.10163618071
"1982","120",1474.08180561234
"1983","120",1621.10897523363
"1984","53",776.854073331251
"1985","119",732.409178481667
"1986","127",1009.61312904909
"1987","127",1490.3643931889
"1988","108",1266.3198982644
"1989","108",793.23624294385
"1990","108",1933.15025401706
"1991","108",2062.8984341602
"1992","108",2726.59382607191
"1993","100",2644.35573806416
"1994","100",2196.77887868259
"1995","101",2336.0073212044
"1996","107",2441.51572680649
"1997","107",2562.34760519327
"1998","107",2117.09343839503
"1999","46",2881.27754952825
"2000","46",2144.90548870559
"2001","46",2330.52047262465
"2002","28",1999.99419550057
"2003","28",1646.28884271953
"2004","28",992.244062526714
"2005","28",1104.47454928208
"2006","20",1782.58263131113
"2007","20",1771.93938513537
"2008","1",15781.2282997194
"2009","1",15781.2282997194
"2010","1",15781.2282997194
"2011","1",15781.2282997194
"2012","1",15781.2282997194
"2013","82",4807.39500193125
"2014","82",4823.28919464368
"2015","82",5276.92948995907
"2016","82",1684.77945610084
"2017","82",1316.97374050184
"2018","82",417.946731072624
"2019","84",589.440842288361
"2020","94",1393.61292357544
"2021","82",2225.2698561738
"2022","94",2091.01929372306
"2023","94",1853.92438506339
"2024","94",2758.01494096772
"2025","94",3095.6049586594
"2026","120",6241.76297406496
"2027","120",5128.16643635898
"2028","120",1972.09274792593
"2029","120",1534.90905713692
"2030","120",809.215152243603
"2031","53",239.989784520944
"2032","119",1207.95768052459
"2033","13",916.081080494336
"2034","127",307.422200421504
"2035","108",2600.85581942875
"2036","108",2125.65745338867
"2037","71",2412.39353076642
"2038","71",2045.88463330688
"2039","100",2605.88807566872
"2040","100",1194.51453871203
"2041","100",582.479793208948
"2042","101",2007.34741133347
"2043","107",2087.4291317139
"2044","107",1645.85177495303
"2045","107",2290.97067675614
"2046","107",2565.80437762766
"2047","107",2033.9312754895
"2048","46",1822.57635520067
"2049","46",1987.55225503324
"2050","28",1703.9972276326
"2051","28",817.583722721442
"2052","29",742.035009128871
"2053","29",1406.34100355069
"2054","20",1096.99956087388
"2055","20",1632.66422416299
"2056","1",16725.1529050448
"2057","1",16725.1529050448
"2058","82",5285.57397535067
"2059","82",5675.49896043453
"2060","82",2106.22970798623
"2061","82",1439.73504822187
"2062","82",795.433519128019
"2063","82",815.866369649357
"2064","84",1010.38843871208
"2065","84",893.067110208158
"2066","94",1433.9627887555
"2067","94",1329.94083172748
"2068","94",2108.4165306124
"2069","94",3440.95072429541
"2070","120",6112.78234679589
"2071","120",5610.34080706445
"2072","120",5852.52942399288
"2073","120",1967.08854501179
"2074","120",2416.32561217739
"2075","120",1117.78512160315
"2076","13",1093.49551386585
"2077","13",532.567535020407
"2078","30",856.289524765132
"2079","127",710.995115868423
"2080","127",1817.66958162872
"2081","71",1975.11727817845
"2082","71",1167.2839252315
"2083","71",1542.14070370291
"2084","100",978.675318488594
"2085","100",963.410379192881
"2086","101",526.376769657093
"2087","101",2320.03207886602
"2088","107",1933.30816949331
"2089","107",1143.41073869746
"2090","107",1486.01965208735
"2091","107",1796.01697074221
"2092","11",460.615031706775
"2093","46",995.140036155462
"2094","29",2017.15771833155
"2095","28",1832.81262335538
"2096","29",737.399358639554
"2097","20",1064.51540299309
"2098","20",1423.20216928062
"2099","20",1515.36627600856
"2100","20",1973.35679982919
"2101","1",17065.845480711
"2102","82",5784.67210206469
"2103","82",6112.5665915485
"2104","82",1793.24651198145
"2105","82",1286.3585362842
"2106","84",2377.95770949327
"2107","84",1632.44520350512
"2108","84",873.638057123269
"2109","94",404.217131885165
"2110","94",1464.09786725816
"2111","94",1740.57399253266
"2112","94",5400.3142774992
"2113","94",5327.71850541927
"2114","120",5433.37518797457
"2115","120",6007.62609172494
"2116","120",2442.81355430439
"2117","120",2007.90346140939
"2118","120",1621.10578990577
"2119","120",1665.94724424768
"2120","120",1875.10197993787
"2121","105",794.420165251299
"2122","30",524.666385125748
"2123","127",1340.21607376969
"2124","71",1642.92152645424
"2125","71",1145.07826288814
"2126","71",823.743645003477
"2127","55",1285.10567800747
"2128","55",605.828157047487
"2129","101",1169.3811667507
"2130","44",1663.69848625395
"2131","44",1622.99641384002
"2132","44",1594.21912228724
"2133","107",204.393556595893
"2134","107",899.56110496088
"2135","11",994.468154496356
"2136","46",902.66096041748
"2137","46",924.208794230096
"2138","29",1454.82748424914
"2139","29",1323.42889677918
"2140","29",1210.08851109959
"2141","29",1650.86138019775
"2142","29",4602.73008462834
"2143","20",2087.32688492956
"2144","20",2507.58252728786
"2145","82",6284.48377713679
"2146","82",2240.3295151965
"2147","82",1786.28407635417
"2148","84",2677.04354298907
"2149","84",1970.16959316342
"2150","94",1817.04768088404
"2151","94",1673.88964198476
"2152","94",1076.85838498245
"2153","94",1888.28125364911
"2154","94",5036.53946811543
"2155","94",4871.08890695445
"2156","94",5013.62399771242
"2157","80",4768.78955632776
"2158","120",3410.01042001335
"2159","120",3396.88161520171
"2160","120",4240.63993058142
"2161","106",2090.14832208006
"2162","120",1545.55699785477
"2163","106",1144.84544945423
"2164","105",270.120166216232
"2165","105",1192.08276014759
"2166","106",1106.19805963563
"2167","71",1106.61234523506
"2168","71",1161.63755980011
"2169","71",964.075448764042
"2170","99",707.368044326365
"2171","55",1028.1019112334
"2172","126",1212.09418061957
"2173","44",1605.81608232038
"2174","44",1311.8572460865
"2175","107",844.418530604944
"2176","107",735.039411142814
"2177","131",889.60086986984
"2178","11",1499.653001193
"2179","46",184.630811506894
"2180","46",1123.99435686291
"2181","46",1778.40296514409
"2182","46",1913.62357910127
"2183","29",1974.32259271004
"2184","29",2083.85500742105
"2185","20",2243.2251895925
"2186","84",3014.76791572063
"2187","84",2316.35007289035
"2188","94",2033.75814712064
"2189","94",3733.7738132368
"2190","94",1834.17905241023
"2191","94",3424.00326123444
"2192","94",3669.49848408822
"2193","94",4388.41007498885
"2194","80",5192.6824052452
"2195","80",4236.62096972947
"2196","120",6943.70119910573
"2197","80",5449.37040687848
"2198","120",3720.78035778835
"2199","120",4355.76092693221
"2200","120",4828.6486363944
"2201","106",1155.6393447425
"2202","106",623.076341255445
"2203","106",587.610474381046
"2204","106",2081.48921297677
"2205","106",2783.64580905418
"2206","106",1945.17534034279
"2207","99",2475.57872251263
"2208","19",163.617342369948
"2209","121",474.979496818215
"2210","121",535.264839512318
"2211","44",1115.52280261723
"2212","44",1110.72662093941
"2213","31",1079.05237087243
"2214","31",1163.5328636713
"2215","131",594.204973201809
"2216","131",689.487721489826
"2217","46",921.895965652678
"2218","46",788.109544528567
"2219","46",2318.21604918375
"2220","46",1800.8184925837
"2221","29",3029.330664713
"2222","29",2596.2747853743
"2223","29",2561.94091659225
"2224","20",2712.4549479478
"2225","94",2407.38938349851
"2226","94",2828.76860524826
"2227","94",3063.45352820533
"2228","94",3609.04489052015
"2229","80",4863.78321284428
"2230","94",4921.03018061021
"2231","80",4649.60218600515
"2232","120",3989.99639405572
"2233","80",3799.51527761694
"2234","80",4149.95272181755
"2235","80",4478.77573913154
"2236","106",2280.70180204242
"2237","106",1311.14904511225
"2238","106",2335.79692668663
"2239","106",2689.37225242092
"2240","106",2792.53594634749
"2241","106",2154.89179675214
"2242","23",3282.33179784977
"2243","23",2867.56290044077
"2244","99",2024.00827328908
"2245","99",2592.41155301545
"2246","23",3332.29624516742
"2247","31",2615.44141752492
"2248","23",2266.01940674471
"2249","31",804.050115310115
"2250","131",1088.58555901971
"2251","26",36.9272767756497
"2252","4",744.107238696943
"2253","46",1372.13658081247
"2254","46",1486.52205657355
"2255","46",1984.72347035157
"2256","46",2494.38914165413
"2257","29",2925.04313000243
"2258","29",3003.10586336699
"2259","29",3134.55988600813
"2260","94",2923.83638090168
"2261","94",6037.45141794663
"2262","94",5383.52073279337
"2263","1",23427.0177868413
"2264","80",4010.05050069792
"2265","94",6869.27111438114
"2266","80",4049.16298365834
"2267","80",3077.73580944983
"2268","80",4116.94755530319
"2269","80",3915.72151889452
"2270","106",2588.59733998971
"2271","106",2085.38962135377
"2272","106",2107.54389893146
"2273","106",2430.58663312677
"2274","106",2962.17311312305
"2275","106",2836.48081032669
"2276","106",2960.85641261219
"2277","23",2655.12244314151
"2278","99",2793.51500290196
"2279","23",1412.46293329263
"2280","23",1325.32509526414
"2281","23",1571.96968665897
"2282","23",1613.04938664314
"2283","31",1312.56592059907
"2284","21",902.293527160797
"2285","26",1243.37695481149
"2286","37",295.565099714278
"2287","37",1467.75619342587
"2288","113",5218.29772507717
"2289","46",2229.65270229809
"2290","46",2496.32359227758
"2291","29",4464.15972594688
"2292","29",3455.62497789804
"2293","52",7479.96071786619
"2294","94",3141.21254103241
"2295","94",3165.16919966604
"2296","80",4989.08221508619
"2297","1",25073.2420447207
"2298","80",3630.04075770267
"2299","80",3075.97164672105
"2300","80",3273.55957556221
"2301","80",2461.89017290721
"2302","80",2791.36065295061
"2303","80",3349.09437729917
"2304","80",3917.9910730606
"2305","24",3338.6728555835
"2306","106",2034.4013011132
"2307","106",2683.2193168583
"2308","106",2878.5311798869
"2309","106",3133.99489408685
"2310","23",3171.03683257519
"2311","23",3052.98671852736
"2312","23",2105.24979154121
"2313","99",3057.21384615582
"2314","23",1566.33277517563
"2315","31",2585.20573118319
"2316","130",1160.86926070822
"2317","130",703.964898356326
"2318","21",867.337787250252
"2319","21",1453.77312898374
"2320","37",2043.5504469011
"2321","37",2000.42464161668
"2322","113",4923.2391684606
"2323","46",2560.69321059895
"2324","113",5650.96844348461
"2325","29",4515.71469137193
"2326","29",4081.02182570577
"2327","29",3737.73728906537
"2328","94",3727.80820993458
"2329","94",3775.76554295342
"2330","80",5136.03581590154
"2331","80",4279.52748615545
"2332","80",3614.81691527347
"2333","80",3129.57903526452
"2334","80",2499.69444999142
"2335","80",2246.95521705401
"2336","80",2318.51657034285
"2337","80",3403.40505152554
"2338","88",3590.47516433648
"2339","106",3312.10631591008
"2340","106",2683.18911714556
"2341","106",2586.25507114826
"2342","24",2856.66742059203
"2343","24",3221.36034880951
"2344","106",3347.49405364693
"2345","23",3491.33932378376
"2346","23",2318.18239171106
"2347","23",1991.15950842378
"2348","23",1280.32737783039
"2349","23",114.247888412573
"2350","23",885.780308999616
"2351","113",2963.29753597858
"2352","130",1538.9818590569
"2353","130",1582.27454365491
"2354","37",1791.31894462367
"2355","37",2549.9193794263
"2356","113",3819.40942016276
"2357","113",4259.83861192077
"2358","113",5271.52287835537
"2359","113",5844.52791980622
"2360","52",6491.69913583848
"2361","94",4361.48055281763
"2362","81",4681.59212859009
"2363","80",4965.21271518366
"2364","80",4506.01514488738
"2365","80",4217.24942608875
"2366","80",3870.18684987478
"2367","85",3170.00291462848
"2368","80",2005.83754899271
"2369","80",2341.84048947661
"2370","88",3562.7241556885
"2371","88",3447.42097391325
"2372","88",2725.54410176892
"2373","88",2991.68421849488
"2374","24",2191.72359579178
"2375","24",3090.81199650713
"2376","24",2478.74331461228
"2377","24",2894.38682642502
"2378","24",2510.07730178147
"2379","23",3273.84962986788
"2380","23",2368.32988557774
"2381","23",1472.40064140064
"2382","23",956.71672898382
"2383","23",1088.76883563266
"2384","23",1169.43848293753
"2385","104",1537.90132455725
"2386","113",1336.98927388084
"2387","113",1770.86642347946
"2388","130",2038.46785253563
"2389","37",3315.24540078142
"2390","52",3951.74629922244
"2391","29",6408.37433487249
"2392","29",5855.47879472064
"2393","52",5676.01589017916
"2394","81",4195.38264641309
"2395","81",4173.89607142745
"2396","80",4986.60057449462
"2397","80",5068.48012833046
"2398","81",4259.93267061502
"2399","81",4221.28181384025
"2400","80",3426.18865653138
"2401","80",1031.78650840217
"2402","80",1765.94539267907
"2403","88",3437.2317168598
"2404","88",2587.54420479687
"2405","88",2288.55518934283
"2406","24",2122.02118744867
"2407","24",1802.25043339937
"2408","24",1971.73406982536
"2409","24",1990.95128480769
"2410","24",2187.30565184949
"2411","64",2708.71947261781
"2412","64",2474.71979886287
"2413","64",2902.5173949427
"2414","23",1732.64251459197
"2415","23",973.768734436885
"2416","104",562.719811173105
"2417","104",970.981223029226
"2418","113",875.519827168273
"2419","113",1097.81044116889
"2420","113",1631.31427059176
"2421","113",2553.68833224743
"2422","113",3314.21182542377
"2423","113",4202.00613653347
"2424","29",7185.24653044203
"2425","29",5672.82857967979
"2426","81",3741.0612466195
"2427","81",3721.93303521848
"2428","81",4404.09576378077
"2429","81",3814.30117279365
"2430","81",3660.59741946128
"2431","85",2338.0535854087
"2432","80",936.86130672118
"2433","80",1914.49215383204
"2434","80",1218.64606632329
"2435","88",2563.896677882
"2436","88",1810.96159936006
"2437","24",1930.84935073177
"2438","24",1367.36367350757
"2439","24",1585.92930117365
"2440","24",1358.2033133082
"2441","116",1591.0371711224
"2442","24",2837.68725969932
"2443","64",2516.97242843114
"2444","64",1994.254072893
"2445","64",2016.31494693271
"2446","23",1752.95377153536
"2447","104",1163.21589863861
"2448","64",3490.46797305975
"2449","130",2067.27572868614
"2450","113",552.540064905628
"2451","113",1227.79580018344
"2452","113",2111.91984797954
"2453","113",3445.37491403575
"2454","113",3407.19668176279
"2455","113",3893.42804556383
"2456","113",4330.38646254727
"2457","81",3181.06938333756
"2458","81",4219.17587867183
"2459","81",3289.72086197316
"2460","81",3139.91596843315
"2461","85",1794.77300814367
"2462","80",4265.57649950073
"2463","80",449.953428397988
"2464","80",1143.6014129102
"2465","88",1053.50207759883
"2466","88",1192.80823361904
"2467","88",1923.9881570873
"2468","24",1519.01177140247
"2469","24",849.990544503608
"2470","24",777.140771432777
"2471","116",991.363533988999
"2472","24",3143.45715732209
"2473","64",1587.93071092346
"2474","64",493.467247204549
"2475","64",1954.64855272908
"2476","64",2197.75755319795
"2477","64",3389.30982928992
"2478","69",702.749523955071
"2479","124",280.342788836775
"2480","113",567.837760893663
"2481","113",1270.82683290037
"2482","113",2087.2452735669
"2483","113",3445.15597880281
"2484","113",3586.28125302671
"2485","112",4322.26570904916
"2486","113",4375.29747414531
"2487","81",2740.28700601348
"2488","81",4651.15758615709
"2489","85",4038.49946468441
"2490","81",2169.32874117648
"2491","85",1237.6045277149
"2492","80",1219.08237141299
"2493","80",1124.67089976895
"2494","88",834.848859232776
"2495","88",536.672948673305
"2496","88",1001.97209391746
"2497","88",1463.03382266614
"2498","24",941.343410480066
"2499","24",167.396452148516
"2500","116",548.529240774591
"2501","116",824.293506079949
"2502","116",1751.46207597142
"2503","64",1629.33367906293
"2504","64",2270.76868925599
"2505","64",1824.93500641983
"2506","64",2909.0013359479
"2507","69",1265.72120012734
"2508","69",1490.62840217006
"2509","113",1128.95314232598
"2510","113",1599.24152368924
"2511","113",2122.83960096618
"2512","113",2707.71431381845
"2513","113",3190.3759135101
"2514","112",3780.85248001172
"2515","113",4555.84755540134
"2516","81",2438.46336539248
"2517","81",2562.92933933272
"2518","81",1586.15335029243
"2519","81",986.745449724787
"2520","85",864.069398568793
"2521","10",1987.59239913496
"2522","80",1432.45533241215
"2523","88",816.339878154279
"2524","88",1208.79712653948
"2525","88",1530.76539050288
"2526","24",1806.66067807027
"2527","24",1322.89122662309
"2528","116",1282.64996080914
"2529","116",911.728520519661
"2530","116",1801.22645203129
"2531","116",2195.81356465404
"2532","64",2923.28646471192
"2533","64",2301.42710687438
"2534","69",2256.96214244106
"2535","69",1778.75047987006
"2536","69",1271.31280209295
"2537","69",1570.0486839318
"2538","118",1632.87313100546
"2539","113",1969.76757516771
"2540","113",2517.09885510347
"2541","113",3292.45411947982
"2542","112",3531.90234772177
"2543","112",3346.6871268606
"2544","81",2566.29746920528
"2545","81",1431.33209402929
"2546","81",562.228640984834
"2547","85",329.824239168532
"2548","85",1516.19748972904
"2549","10",1604.27637927308
"2550","88",1372.91842682546
"2551","88",1559.84451380273
"2552","88",2029.34425099686
"2553","24",1736.81691291819
"2554","24",1642.54002182357
"2555","24",1396.98085892866
"2556","116",1176.49152322248
"2557","116",1577.79586011043
"2558","116",2833.67774626824
"2559","64",3163.40522473966
"2560","64",2531.39091621222
"2561","132",4579.21123074521
"2562","64",2222.3343597028
"2563","118",2238.42589184362
"2564","69",1918.72629571995
"2565","118",692.721270880251
"2566","118",1466.97264310221
"2567","118",2511.65865300845
"2568","118",2578.9826499245
"2569","112",2640.2133408923
"2570","112",2934.69864065528
"2571","81",2142.91287634238
"2572","81",2331.94728470799
"2573","81",1109.27680005037
"2574","81",1377.74466951238
"2575","85",1062.66518786986
"2576","85",1342.7612957089
"2577","10",1269.17139924871
"2578","10",1368.76140017063
"2579","88",1686.9205739303
"2580","24",2002.08078261893
"2581","24",1926.37828582334
"2582","116",3698.3457041632
"2583","88",4137.87755824496
"2584","64",4367.14798857038
"2585","64",4159.69466962348
"2586","64",3869.67488194847
"2587","64",3120.20828767584
"2588","132",4561.72363820288
"2589","118",2627.27399413858
"2590","118",2152.31662874838
"2591","69",2315.38563607042
"2592","118",1194.56755417147
"2593","118",952.031036788476
"2594","118",1526.28302125349
"2595","118",2196.98427820287
"2596","112",2135.71203597195
"2597","112",2604.26197752252
"2598","81",3171.61778789254
"2599","81",2726.40658456143
"2600","81",3165.11739971932
"2601","81",3090.50263096823
"2602","81",1737.52910153187
"2603","85",2266.42194104665
"2604","81",5934.14028717591
"2605","10",559.460060996604
"2606","88",2392.73774935205
"2607","116",3930.8595276036
"2608","88",2797.82809210389
"2609","88",3097.14413217901
"2610","116",2359.42893878844
"2611","116",2140.92873561693
"2612","64",4904.95782938824
"2613","64",4620.53762729468
"2614","64",4366.16174792239
"2615","132",4519.29958168492
"2616","132",3908.1023424004
"2617","118",2633.73359769284
"2618","118",1920.36194343223
"2619","118",1394.83517735071
"2620","118",1698.31322437695
"2621","118",1690.78756542079
"2622","112",1992.98803506334
"2623","112",1701.82716409919
"2624","112",1913.4889767321
"2625","81",3452.03543679848
"2626","81",2396.93325460613
"2627","81",2884.26616529887
"2628","81",2363.58492415584
"2629","81",2352.90764914968
"2630","85",1866.94049740594
"2631","85",2344.65319663313
"2632","85",2800.19270554487
"2633","85",3721.98951456886
"2634","85",4030.84570128645
"2635","116",3255.64699183483
"2636","116",2901.77701434496
"2637","116",2616.88879631005
"2638","116",2726.15062685194
"2639","64",5428.98578697392
"2640","132",3236.04632601646
"2641","132",3067.18649802232
"2642","132",3343.24450845495
"2643","64",3604.77128971608
"2644","118",3112.83931295021
"2645","118",1796.63478999084
"2646","25",1978.19097868828
"2647","25",1906.03026963732
"2648","112",2153.71628735823
"2649","112",1349.33468994663
"2650","112",1550.99040326328
"2651","1",21580.2153966948
"2652","81",3607.72140687865
"2653","81",2459.62966729512
"2654","81",2822.48721713655
"2655","81",2623.24332358703
"2656","81",2604.72102951882
"2657","85",2602.0884948876
"2658","81",4577.19293085563
"2659","86",5419.10350190254
"2660","116",3854.54463561815
"2661","116",3634.29796731778
"2662","116",3318.02471239406
"2663","116",3100.09340885284
"2664","116",3252.6149713475
"2665","132",2863.74029591873
"2666","132",2593.44676652951
"2667","132",2541.98873942651
"2668","64",4078.57453525386
"2669","118",3214.97744789681
"2670","36",1999.43519734542
"2671","25",1821.05080875229
"2672","25",1434.87960188461
"2673","25",1928.82346958193
"2674","112",2066.1565703802
"2675","112",1486.08147623308
"2676","112",2022.67571593757
"2677","81",3997.26590941761
"2678","81",2997.51241748268
"2679","81",3234.96340248942
"2680","81",3093.63920794207
"2681","81",3075.84591286991
"2682","81",4300.70773943618
"2683","86",4680.75863981268
"2684","116",4577.38468222156
"2685","116",5123.28191372566
"2686","116",5737.08700305111
"2687","116",6452.14688524916
"2688","116",6988.4739665346
"2689","132",2011.53925239578
"2690","132",2247.42631262302
"2691","132",1979.51884882657
"2692","36",2488.03099439958
"2693","36",2197.17830384227
"2694","36",1360.55602039864
"2695","47",1095.71600504
"2696","25",1076.96794291143
"2697","25",1189.27395619996
"2698","25",1797.15716168126
"2699","112",2089.46471499936
"2700","112",1350.36153289852
"2701","81",3980.29886604864
"2702","81",3563.45787680692
"2703","81",3429.67926686834
"2704","86",5650.01405206149
"2705","86",4998.3864866495
"2706","81",4070.8299118451
"2707","86",4032.44332870271
"2708","85",4653.12163447713
"2709","86",3194.16829381099
"2710","116",6079.88333918437
"2711","116",6623.9939532221
"2712","86",1815.42685574748
"2713","132",1517.65418913533
"2714","132",1547.72684654645
"2715","132",2965.75419428641
"2716","2",3122.38749770932
"2717","2",2771.30099167146
"2718","36",947.620283919272
"2719","45",379.840937927326
"2720","25",1538.85014733549
"2721","25",2283.38477338866
"2722","25",1981.00528036299
"2723","112",1399.33415248058
"2724","81",4060.41547171545
"2725","81",3887.39497262632
"2726","81",3811.20645976225
"2727","1",25936.5453650129
"2728","86",4861.23241107384
"2729","81",4369.81928211409
"2730","86",3399.69724799033
"2731","86",3524.55234727056
"2732","86",2581.12150943654
"2733","116",6469.0902996513
"2734","86",1679.91008499478
"2735","86",1326.69550873532
"2736","132",1310.56370468945
"2737","132",1112.39865143877
"2738","2",2796.16679144223
"2739","36",3166.91016193233
"2740","36",610.05547800856
"2741","47",415.014527080829
"2742","47",603.077311207707
"2743","25",2023.87029271605
"2744","50",1816.8278858785
"2745","50",2223.03706146934
"2746","112",4121.35195189764
"2747","81",4330.07150889206
"2748","1",26475.5311701694
"2749","86",4821.53071496893
"2750","86",4159.48995599671
"2751","81",4923.19500508539
"2752","85",5223.62749284122
"2753","86",2316.70162126323
"2754","86",1760.43798309507
"2755","86",1259.69049025638
"2756","86",690.859244998383
"2757","132",664.701202640129
"2758","132",380.537835584129
"2759","132",1599.56175500517
"2760","2",2290.93284754467
"2761","118",4121.98743442675
"2762","2",781.236482541223
"2763","47",767.933643321297
"2764","47",1401.89985559287
"2765","50",1922.18198234655
"2766","50",1852.06921062469
"2767","112",4567.36518815286
"2768","18",5830.04696246206
"2769","18",5335.70718809753
"2770","18",4874.86737473999
"2771","18",4695.63158304026
"2772","86",3563.28881047283
"2773","86",3142.83571009438
"2774","86",2677.80586357343
"2775","86",1495.40659158858
"2776","86",1074.70805529069
"2777","86",259.053156222836
"2778","132",740.750612335087
"2779","132",1643.66309279548
"2780","132",1850.37704249029
"2781","2",2158.40938067344
"2782","2",1372.3943842957
"2783","47",1201.71653600063
"2784","50",1432.52965390235
"2785","50",802.381047922699
"2786","50",1352.85544729261
"2787","112",5284.43056414118
"2788","18",5584.09552615865
"2789","18",5097.78109520384
"2790","18",4512.78459063335
"2791","86",4000.59697436979
"2792","86",4006.76312010219
"2793","86",2950.52148403741
"2794","86",1862.96123620778
"2795","86",1473.98777585721
"2796","18",1164.67067384346
"2797","132",1149.28367829135
"2798","132",1565.20484414942
"2799","132",1343.34058375294
"2800","132",2300.11694011595
"2801","2",2085.64175184467
"2802","2",1769.45346443235
"2803","98",1398.50212552972
"2804","98",1582.30686561668
"2805","50",1954.64283990045
"2806","50",2257.29884295119
"2807","18",4234.66946284659
"2808","18",3914.80742760361
"2809","18",3401.34221817749
"2810","86",3479.3370842901
"2811","86",2813.20926403701
"2812","18",980.367070271119
"2813","18",609.991962471342
"2814","18",1346.95262949677
"2815","79",1513.68279929721
"2816","132",2202.85642638165
"2817","2",2648.28638310065
"2818","98",2311.15244882942
"2819","98",1954.91294465652
"2820","98",1916.79339693123
"2821","98",2045.87812789585
"2822","50",2136.35158666282
"2823","50",3007.20499012079
"2824","18",3872.56757472123
"2825","18",3030.63479403532
"2826","18",2597.50837431502
"2827","18",1873.25500390626
"2828","18",1590.98251654634
"2829","18",246.325845192064
"2830","18",810.096767681892
"2831","79",1025.50089808629
"2832","66",3053.88008859575
"2833","79",2511.85967578024
"2834","98",2853.693048346
"2835","98",2702.58706874481
"2836","98",2107.96439017524
"2837","98",1431.36390780873
"2838","98",1770.79000139946
"2839","98",8093.5597519017
"2840","18",3246.4153277282
"2841","18",3313.77768773457
"2842","18",2950.16954548469
"2843","18",2524.00423956901
"2844","18",882.39624559566
"2845","18",781.071388652751
"2846","18",1202.49442997129
"2847","79",593.254739629958
"2848","66",3179.83945842389
"2849","98",3464.18916936697
"2850","98",3123.13310781878
"2851","98",2270.0042519267
"2852","98",2003.39598617759
"2853","98",1867.79782932678
"2854","98",2415.20406113824
"2855","18",4314.9722360286
"2856","18",3934.19232282426
"2857","66",3787.38157827979
"2858","66",2921.40820288613
"2859","66",436.186122783341
"2860","66",855.903103475629
"2861","66",1322.83568027804
"2862","66",1993.46334196386
"2863","66",2776.61251228956
"2864","98",3990.17436608426
"2865","98",3419.14201079019
"2866","98",2855.64744599685
"2867","98",2845.39615829319
"2868","98",2865.16351838433
"2869","98",2459.19710124728
"2870","18",4319.74386815491
"2871","66",3887.38916391585
"2872","66",3254.91683056528
"2873","66",3357.60280079824
"2874","66",1003.8501271674
"2875","66",1804.16356743275
"2876","66",3294.70513327153
"2877","66",2251.57866206242
"2878","66",3461.19293615267
"2879","98",3797.911153047
"2880","98",3879.53017705946
"2881","98",3634.32866493774
"2882","98",3230.97746661298
"2883","98",3088.06349957756
"2884","50",4740.03337430869
"2885","18",4790.26791991857
"2886","66",3997.93771605258
"2887","66",3374.46718067872
"2888","66",2981.30223870784
"2889","66",2569.93581449212
"2890","66",1947.15159152545
"2891","66",2075.55226424025
"2892","66",3131.1603375763
"2893","66",3581.41310840886
"2894","66",4970.4018565588
"2895","98",4003.98207279737
"2896","98",4078.56844751163
"2897","98",4324.01576453778
"2898","98",3474.11918953498
"2899","98",6212.53418978668
"2900","66",4826.1403844089
"2901","1",29831.3383419985
"2902","1",29831.3383419985
"2903","66",2849.88860636521
"2904","66",2471.64773548585
"2905","66",2888.07891717536
"2906","66",4996.41118106433
"2907","66",3488.17153413311
"2908","66",4382.98949855431
"2909","66",3809.97410468492
"2910","66",4578.72015701981
"2911","98",7023.15879318648
"2912","98",4894.12985138022
"2913","98",5759.85025692194
"2914","1",28968.3599367345
"2915","66",4684.70055802206
"2916","66",4033.27083736476
"2917","66",3392.87025372843
"2918","66",2923.52520358903
"2919","66",3328.76384719496
"2920","66",3413.56110523979
"2921","66",5089.17797598903
"2922","98",9488.04831780019
"2923","66",4395.19418160667
"2924","66",4280.68159670479
"2925","98",4839.73809341987
"2926","98",6508.66702514815
"2927","50",6277.3732828227
"2928","1",28235.0991729758
"2929","66",6382.32013312872
"2930","1",32450.0760167612
"2931","1",32450.0760167612
"2932","66",4069.47236241407
"2933","66",3804.04198965094
"2934","66",3480.23529536466
"2935","66",3493.86582788719
"2936","66",4320.97063480174
"2937","66",4115.47931144936
"2938","66",4872.95656681803
"2939","66",9264.32715358641
"2940","66",4730.93749361133
"2941","66",6058.08073868878
"2942","66",6181.82642277944
"2943","98",5256.29401885531
"2944","98",7818.58099488249
"2945","66",6106.58137591757
"2946","66",5996.13708274429
"2947","66",6510.10677918562
"2948","66",4370.17522812931
"2949","66",4432.89873625119
"2950","1",30500.6546198837
"2951","66",4039.71205808253
"2952","66",4073.63064290046
"2953","66",4567.89541675914
"2954","66",4591.47015705074
"2955","66",8259.87238759694
"2956","66",8691.72528256072
"2957","66",5388.33966413223
"2958","98",6944.3000880652
"2959","98",5809.18809440945
"2960","98",6652.49946482051
"2961","66",6611.40637661163
"2962","66",5834.718848655
"2963","66",5370.46474382019
"2964","66",4923.68284782957
"2965","66",4790.15465106029
"2966","66",4562.10738295516
"2967","1",30629.8632665877
"2968","66",4301.53429004555
"2969","66",10114.6606203232
"2970","66",8077.67965155702
"2971","66",7595.86406827217
"2972","66",7856.72237429987
"2973","98",7717.18262626345
"2974","66",7542.19104277693
"2975","98",7917.8531881805
"2976","98",7689.43135169167
"2977","98",7080.42937534539
"2978","66",7094.65839952877
"2979","66",6558.62192990635
"2980","66",5514.20979262826
"2981","66",5274.12528507464
"2982","66",5035.15211400631
"2983","66",9356.49001779506
"2984","66",9295.29278599739
"2985","66",9426.79006897788
"2986","66",8823.25185759563
"2987","66",8600.14416180398
"2988","66",7555.00083778206
"2989","66",7943.4928615884
"2990","66",7589.96309369928
"2991","66",7907.12169459115
"2992","98",8215.51728371111
"2993","98",20324.1142269282
"2994","98",7629.30976280516
"2995","66",6737.80858024624
"2996","66",7079.89219261631
"2997","66",7549.48321651431
"2998","66",5516.23921274301
"2999","66",9485.42264107808
"3000","66",8989.16077224691
"3001","66",8800.97448863787
"3002","66",7765.00120363208
"3003","66",7474.57306810374
"3004","66",8838.07587106195
"3005","66",7965.96766259626
"3006","66",8398.38613621934
"3007","66",8080.90395629315
"3008","98",8686.54364478912
"3009","98",20147.1673615458
"3010","98",19652.805557044
"3011","66",7350.08840766654
"3012","66",7893.70784640134
"3013","66",11335.2990407113
"3014","66",11069.2703613108
"3015","66",10928.3096759968
"3016","66",9120.30689394771
"3017","66",8658.48804905236
"3018","66",8476.07177065732
"3019","66",8202.59116511728
"3020","66",7826.36081525811
"3021","66",9329.85935368167
"3022","66",8809.50922344663
"3023","66",8891.79233544833
"3024","66",8578.28343175352
"3025","98",20518.632926315
"3026","98",19772.8647348167
"3027","98",19322.8945013746
"3028","66",8152.89505400859
"3029","66",10907.956909108
"3030","66",10719.5302920275
"3031","66",10448.8072816271
"3032","66",10696.3637466
"3033","66",9158.08153527096
"3034","66",9032.9571018581
"3035","66",8966.97182028668
"3036","66",8497.22392750023
"3037","66",8316.87302608743
"3038","66",9773.33249437407
"3039","66",9254.38551095836
"3040","66",8907.25915938437
"3041","98",20462.1435027902
"3042","98",19991.5407442274
"3043","98",19570.1301085177
"3044","98",19765.3626713776
"3045","66",10421.2696832526
"3046","66",10031.7083121744
"3047","66",10264.1017807102
"3048","66",10651.9304575405
"3049","66",11112.8936540796
"3050","66",9501.12188551267
"3051","66",9466.56369429618
"3052","66",8987.00129957902
"3053","66",8812.64068938254
"3054","66",10240.2900194169
"3055","66",9717.61548003749
"3056","98",20663.7858244432
"3057","98",20164.5172383654
"3058","98",19666.3996699834
"3059","98",19164.8206461317
"3060","98",17945.2488439658
"3061","66",9871.82969299128
"3062","66",10238.7460691163
"3063","66",10882.0590575987
"3064","66",11538.058016685
"3065","66",12194.4424455903
"3066","66",9966.37897529687
"3067","66",10252.6262067038
"3068","98",16261.1214055742
"3069","98",16547.5899845988
"3070","98",16798.4786091697
"3071","98",20287.6768842865
"3072","98",19795.0557088324
"3073","98",19323.2474705486
"3074","98",17474.3989927689
"3075","66",10781.2991526773
"3076","66",11437.6692650098
"3077","66",12109.4344844505
"3078","66",12725.6365113533
"3079","66",13282.4984322715
"3080","98",15566.4333609875
"3081","98",15829.148849517
"3082","98",16099.0986504574
"3083","98",16365.4273387652
"3084","98",16629.0146310262
"3085","98",17329.0615810956
"3086","98",16989.0909146647
"3087","66",11336.8992172718
"3088","66",11955.9163562031
"3089","66",12662.5243038245
"3090","66",13317.3794288354
"3091","66",16790.544972827
"3092","98",15132.6288131828
"3093","98",15396.2369135336
"3094","98",15663.9012912119
"3095","98",15930.2364275278
"3096","98",16195.6413460258
"3097","98",16609.700917768
"3098","66",14515.7047434797
"3099","66",11911.2602260637
"3100","66",12566.1153179224
"3101","66",13221.5394078674
"3102","66",16090.4335857257
"3103","66",16354.924505056
"3104","98",14698.8243664733
"3105","98",14969.7987062078
"3106","98",15223.9146597094
"3107","98",15495.0456174614
"3108","98",15762.2681620777
"3109","66",13964.2222557997
"3110","66",12470.9973005674
"3111","66",13125.0064710947
"3112","66",15391.5481163537
"3113","66",15654.7533237953
"3114","66",15918.4665270426
"3115","98",14266.5280456867
"3116","98",14530.6702024588
"3117","98",11949.2802328904
"3118","66",13406.2014817964
"3119","66",13027.7643716633
"3120","66",14691.4030145133
"3121","66",14955.9262123647
"3122","66",15219.1330616738
"3123","98",16283.61085289
"3124","66",13981.3441081599
"3125","66",14254.935198157
